,Part_id,NT_EASY,NT_MEDIUM,NT_HARD,TR_EASY,TR_MEDIUM,TR_HARD,RTM_EASY,RTM_MEDIUM,RTM_HARD,RFRF_EASY,RFRF_MEDIUM,RFRF_HARD,RV_AVG_DUR_EASY_CORR,RV_AVG_DUR_MEDIUM_CORR,RV_AVG_DUR_HARD_CORR,RV_AVG_DUR_EASY_SMALL_ERROR,RV_AVG_DUR_MEDIUM_SMALL_ERROR,RV_AVG_DUR_HARD_SMALL_ERROR,RV_AVG_DUR_EASY_BIG_ERROR,RV_AVG_DUR_MEDIUM_BIG_ERROR,RV_AVG_DUR_HARD_BIG_ERROR,RV_AVG_DUR_EASY_CONTROL,RV_AVG_DUR_MEDIUM_CONTROL,RV_AVG_DUR_HARD_CONTROL,RV_SUM_FIX_EASY_CORR,RV_SUM_FIX_MEDIUM_CORR,RV_SUM_FIX_HARD_CORR,RV_SUM_FIX_EASY_SMALL_ERROR,RV_SUM_FIX_MEDIUM_SMALL_ERROR,RV_SUM_FIX_HARD_SMALL_ERROR,RV_SUM_FIX_EASY_BIG_ERROR,RV_SUM_FIX_MEDIUM_BIG_ERROR,RV_SUM_FIX_HARD_BIG_ERROR,RV_SUM_FIX_EASY_CONTROL,RV_SUM_FIX_MEDIUM_CONTROL,RV_SUM_FIX_HARD_CONTROL,AVG_PUP_SIZE_EASY,AVG_PUP_SIZE_MEDIUM,AVG_PUP_SIZE_HARD,MEAN_CORR_EASY,MEAN_CORR_MEDIUM,MEAN_CORR_HARD,MEAN_RT_EASY,MEAN_RT_MEDIUM,MEAN_RT_HARD,PERC_CORR_EASY,PERC_CORR_MEDIUM,PERC_CORR_HARD,PERC_SMALL_ERROR_EASY,PERC_SMALL_ERROR_MEDIUM,PERC_SMALL_ERROR_HARD,PERC_BIG_ERROR_EASY,PERC_BIG_ERROR_MEDIUM,PERC_BIG_ERROR_HARD,PERC_CONTROL_EASY,PERC_CONTROL_MEDIUM,PERC_CONTROL_HARD,RM
0,25,277,317,271,0.31105975021044874,0.3780848643472775,0.26829829228009155,0.44347462929281434,0.4497051104645951,0.41431493520818696,0.08193111687853552,0.06251400656119308,0.10386708021395293,1980.1818181818182,2719.4,1949.8181818181818,2722.4,3076.1875,2508.0526315789475,1282.8947368421052,1628.7727272727273,1837.5882352941176,1329.4545454545455,1729.625,2324.777777777778,214.0,216.0,265.0,88.5,243.5,182.0,174.5,209.5,210.5,95.0,151.0,196.0,1183.414470378582,1176.6443611074321,1181.2313469124535,0.5714285714285714,0.35714285714285715,0.42857142857142855,63.607439639259596,59.88829302105911,72.14784221188727,0.5714285714285714,0.35714285714285715,0.42857142857142855,0.07142857142857142,0.21428571428571427,0.14285714285714285,0.35714285714285715,0.14285714285714285,0.14285714285714285,0.0,0.2857142857142857,0.2857142857142857,0.6320937263794406
1,36,108,180,210,0.23132633829831462,0.24106081392058848,0.21310171912258205,0.49534465716558457,0.49987843523991626,0.46831335271387736,0.11426235965612863,0.13348742570852587,0.08602003107896683,298.1,1857.888888888889,2726.090909090909,1108.6,2024.235294117647,2518.2,1615.5882352941176,1646.8333333333333,3153.6666666666665,1137.3333333333333,3220.5,3022.0,142.0,211.0,226.0,71.5,127.5,182.5,36.0,76.5,179.5,26.0,55.0,79.0,1188.6166919966033,1174.1672012459364,1182.5093408792468,0.9285714285714286,1.0,0.7857142857142857,33.348064777377395,53.335681764429474,70.38892066080227,0.9285714285714286,1.0,0.7857142857142857,0.0,0.0,0.07142857142857142,0.07142857142857142,0.0,0.14285714285714285,0.0,0.0,0.0,0.9706198034769462
2,115,176,176,209,0.12873577984121903,0.15960708482671437,0.1487876510876519,0.2440596320735256,0.3192295862468495,0.32882426841689455,0.0790342599296793,0.0707195414547822,0.08090702276775383,3301.8333333333335,2564.909090909091,3921.909090909091,2799.266666666667,3694.8,2245.8888888888887,3038.35,2813.4210526315787,3424.277777777778,3204.3333333333335,4402.818181818182,3431.5555555555557,205.0,353.0,193.0,198.5,203.5,193.5,193.0,197.5,197.0,210.0,111.0,159.0,1405.1176063887826,1420.3792773859223,1402.966282703534,0.35714285714285715,0.42857142857142855,0.07142857142857142,97.65294921842244,78.76485298304513,100.33474767188103,0.35714285714285715,0.42857142857142855,0.07142857142857142,0.35714285714285715,0.42857142857142855,0.35714285714285715,0.2857142857142857,0.14285714285714285,0.5,0.0,0.0,0.07142857142857142,0.7178004535147392
3,131,176,556,569,0.38754963000517867,0.4271199358587879,0.3903035191154764,0.40439702897773333,0.401444343023881,0.421245190715232,0.10739528724211689,0.07658890375033327,0.035798858276129344,493.4,3256.285714285714,4156.111111111111,1168.8,3097.1739130434785,3457.45,1003.7058823529412,5010.4375,3606.6470588235293,2336.8888888888887,4672.6,4175.8,188.0,411.0,347.0,72.5,475.5,287.0,87.5,126.5,318.0,70.0,89.0,230.0,1626.9848636470358,1623.1888281663562,1645.8160386701124,1.0,0.42857142857142855,0.35714285714285715,32.43824170664435,92.98157819403643,104.13141350855312,1.0,0.42857142857142855,0.35714285714285715,0.0,0.5714285714285714,0.07142857142857142,0.0,0.0,0.5714285714285714,0.0,0.0,0.0,0.9502116402116402
4,59,88,146,96,0.14852785746736114,0.17459103230637407,0.13984933879314307,0.364327019651502,0.3681885705543749,0.39153735923031924,0.09181722097982326,0.1131409680794724,0.12750909140859396,1186.375,2099.25,871.8888888888889,1344.2105263157894,2432.1052631578946,1441.55,1020.5263157894736,2703.8,2275.6,1359.7,2822.4444444444443,1602.5833333333333,128.0,189.0,118.0,86.0,195.5,116.0,72.0,113.0,110.0,67.0,96.0,93.0,1103.5447883387826,1114.2867745179042,1110.8413249930038,0.7142857142857143,0.21428571428571427,0.14285714285714285,42.32010339942839,59.731426584793134,49.03235808133166,0.7142857142857143,0.21428571428571427,0.14285714285714285,0.07142857142857142,0.6428571428571429,0.35714285714285715,0.14285714285714285,0.07142857142857142,0.2857142857142857,0.07142857142857142,0.07142857142857142,0.21428571428571427,0.7544595616024188
5,128,180,162,181,0.17661148849040378,0.1617218396163716,0.22612022632747314,0.36455260396746697,0.3385906265938494,0.3517893529957577,0.0947805176482473,0.07646947306452889,0.1136910010880204,1583.3,1625.7777777777778,1591.125,2265.3888888888887,893.9375,1748.3157894736842,2186.1875,2776.3333333333335,1296.875,1901.3333333333333,2322.2,1908.6153846153845,224.0,97.0,82.0,110.0,111.0,87.0,88.0,96.0,90.5,103.0,99.0,161.0,1040.5187171918565,1030.3020213922691,1043.4402761562067,0.6428571428571429,0.21428571428571427,0.21428571428571427,72.79901758962556,71.55142805002548,57.175652256105295,0.6428571428571429,0.21428571428571427,0.21428571428571427,0.14285714285714285,0.5,0.21428571428571427,0.21428571428571427,0.2857142857142857,0.5,0.0,0.0,0.07142857142857142,0.7640891912320482
6,81,133,186,176,0.1955566367049568,0.1493165626268833,0.1529106100841063,0.2523753969469842,0.23221615486466682,0.21033983870438763,0.20392587261566816,0.10595535395092377,0.10744837432347545,1404.090909090909,2217.222222222222,1674.3333333333333,1110.55,2455.5454545454545,3464.6363636363635,1631.1875,2307.0555555555557,2465.8823529411766,1631.111111111111,2780.714285714286,2794.25,159.0,270.0,243.0,98.0,171.0,174.0,71.5,109.0,160.0,72.0,97.0,105.0,1180.2669197861408,1206.736772515181,1209.4822985702278,0.9285714285714286,0.9285714285714286,0.5,48.57927687891762,88.97682917408851,82.21423329953255,0.9285714285714286,0.9285714285714286,0.5,0.07142857142857142,0.07142857142857142,0.14285714285714285,0.0,0.0,0.2857142857142857,0.0,0.0,0.07142857142857142,0.9419954648526078
7,37,146,158,188,0.29952802375572773,0.26197288246348355,0.2685436113061905,0.3407049207749141,0.3185009931079617,0.3286616696521673,0.049774992550421,0.023436624643173042,0.06793010627275103,1105.3333333333333,1599.2727272727273,1523.7142857142858,1308.25,1576.3529411764705,1931.2222222222222,1201.0,1401.3157894736842,2119.0434782608695,2077.6666666666665,2506.777777777778,2825.125,222.0,263.0,254.0,112.5,194.5,125.0,57.5,59.0,206.5,75.0,53.0,85.0,1579.4115250640225,1563.694540758531,1594.2592276205262,0.9285714285714286,0.9285714285714286,0.7857142857142857,34.8166802485105,43.07970420292414,50.005179282631744,0.9285714285714286,0.9285714285714286,0.7857142857142857,0.0,0.07142857142857142,0.0,0.07142857142857142,0.0,0.21428571428571427,0.0,0.0,0.0,0.9674981103552531
8,74,269,284,304,0.2791454771640029,0.32936877413226207,0.28569649985671425,0.3693250320209032,0.4227772945764897,0.32540549396344376,0.07069021951631614,0.10065463347513741,0.04479796301042716,2183.5,2511.714285714286,3455.0,1669.125,2377.6470588235293,2235.1666666666665,1671.15,2606.6190476190477,2880.4210526315787,3634.125,2989.6363636363635,3038.25,332.0,242.0,153.0,132.0,247.5,178.0,99.5,110.5,187.5,93.0,70.0,125.0,1661.4572310131935,1678.2609574721516,1729.2294207891628,0.7857142857142857,0.2857142857142857,0.14285714285714285,68.83251668447052,61.589670542260656,76.00473133264184,0.7857142857142857,0.2857142857142857,0.14285714285714285,0.07142857142857142,0.42857142857142855,0.21428571428571427,0.07142857142857142,0.2857142857142857,0.6428571428571429,0.07142857142857142,0.0,0.0,0.8256916099773242
9,55,108,104,95,0.2765358432425593,0.18631913413518517,0.15990925991254593,0.3480946137157056,0.31129985947690425,0.29228719503425393,0.12852515418111354,0.10580776982715417,0.12461476136679579,413.54545454545456,759.1428571428571,1396.7777777777778,1118.7222222222222,781.1666666666666,1269.15,1547.3125,1861.0,1695.6875,665.7272727272727,2023.8,1641.4545454545455,170.0,274.0,261.0,93.0,221.0,164.0,62.5,59.5,183.5,56.0,66.0,74.0,1427.1437958607476,1430.6499643985605,1405.2308018075817,0.9285714285714286,0.9285714285714286,0.9285714285714286,27.896151268605145,39.87014786780609,42.43478013359189,0.9285714285714286,0.9285714285714286,0.9285714285714286,0.07142857142857142,0.07142857142857142,0.0,0.0,0.0,0.07142857142857142,0.0,0.0,0.0,0.9795918367346937
10,76,241,213,241,0.23481220029640415,0.19443123312440241,0.21010709503130126,0.34850222686813115,0.35211039907483915,0.3530540238147341,0.04177318786517855,0.03192871207617534,0.034442742752703814,1256.5,2763.181818181818,1518.5,2216.0434782608695,2148.8125,2422.5,2398.684210526316,2511.0,3349.6111111111113,2230.75,2814.5,2791.6666666666665,234.0,198.0,303.0,142.5,161.5,152.5,137.5,120.5,143.5,89.0,147.0,105.0,1099.2404198462923,1133.6618747552318,1096.550304377723,0.7857142857142857,0.35714285714285715,0.6428571428571429,73.31086584324012,78.25021458641471,81.93100624098949,0.7857142857142857,0.35714285714285715,0.6428571428571429,0.21428571428571427,0.42857142857142855,0.14285714285714285,0.0,0.14285714285714285,0.14285714285714285,0.0,0.07142857142857142,0.07142857142857142,0.847891156462585
11,169,201,285,311,0.19549246213618174,0.21857287569500747,0.22562891014872777,0.4454650748522551,0.40759930013027507,0.4118576439233169,0.11942546977961072,0.11512041632263328,0.07982765350959747,1045.8181818181818,3090.1111111111113,2903.1428571428573,1881.0,3129.176470588235,4963.45,2006.5,3991.55,3672.5882352941176,3592.5,4469.5,3702.3333333333335,325.0,381.0,396.0,161.5,283.5,286.5,96.0,134.0,272.0,79.0,113.0,151.0,1201.138056358355,1236.424664116228,1210.9956537468463,0.7142857142857143,0.6428571428571429,0.35714285714285715,73.44090253025483,93.13663826040718,98.45496173182208,0.7142857142857143,0.6428571428571429,0.35714285714285715,0.14285714285714285,0.35714285714285715,0.21428571428571427,0.14285714285714285,0.0,0.42857142857142855,0.0,0.0,0.0,0.8838926681783825
12,40,38,61,52,0.06487244599098724,0.08344453210919887,0.08053685402447683,0.29197210053948874,0.2931037068345837,0.2657437401389958,0.3287940423178994,0.21216661451810878,0.2825620035592226,736.875,480.77777777777777,629.375,406.8181818181818,770.9411764705883,641.5,583.4285714285714,789.8947368421053,527.96,344.8,1463.8181818181818,1146.5555555555557,43.0,92.0,60.0,50.0,55.0,44.5,30.0,56.5,48.0,31.0,53.0,33.0,1458.6749534205642,1483.3782993073712,1520.3260604529917,0.42857142857142855,0.42857142857142855,0.21428571428571427,41.84034797551509,52.2160379716783,46.11908124890085,0.42857142857142855,0.42857142857142855,0.21428571428571427,0.42857142857142855,0.42857142857142855,0.42857142857142855,0.14285714285714285,0.14285714285714285,0.35714285714285715,0.0,0.0,0.0,0.7851700680272109
13,43,14,36,34,0.012437597694949858,0.03493761680285978,0.03214789118271194,0.11631463684350035,0.12031544737549273,0.1435791007054703,0.16744115896826245,0.10972255605873678,0.083957054402286,836.2727272727273,1263.5454545454545,698.5,954.9285714285714,743.3684210526316,574.6,877.9090909090909,1187.4444444444443,1454.0,642.3333333333334,423.25,342.3333333333333,48.0,99.0,63.0,51.0,62.5,52.0,69.0,64.0,39.5,83.0,73.0,60.0,1371.7103178143493,1363.9570489721798,1345.8857610819111,0.35714285714285715,0.14285714285714285,0.2857142857142857,80.4013785078479,73.60057172583363,75.54372430741066,0.35714285714285715,0.14285714285714285,0.2857142857142857,0.5,0.5,0.5,0.14285714285714285,0.35714285714285715,0.14285714285714285,0.0,0.0,0.07142857142857142,0.688896447467876
14,108,232,210,196,0.23253489892516502,0.2043508509475621,0.169306132178486,0.30961019486286906,0.32220582528476255,0.2524648125092148,0.07892956129551247,0.11216137039008525,0.07771410609031557,1930.7142857142858,1104.2727272727273,1058.142857142857,1471.7727272727273,1870.1176470588234,2011.7142857142858,2200.5882352941176,1714.3333333333333,1594.35,1413.2,2362.6153846153848,1317.625,246.0,214.0,197.0,100.5,128.5,89.0,63.5,86.0,146.0,100.0,61.0,50.0,1980.785410084554,1916.9377829318178,1945.8828050847635,0.8571428571428571,0.6428571428571429,0.7857142857142857,71.26426462447527,73.40316876805718,82.69044847850468,0.8571428571428571,0.6923076923076923,0.7857142857142857,0.07142857142857142,0.23076923076923078,0.0,0.07142857142857142,0.07692307692307693,0.21428571428571427,0.0,0.0,0.0,0.927603561749903
15,107,358,431,476,0.38442998531871675,0.36213692487258536,0.3571458336400134,0.5694116808241453,0.499004517077214,0.5196291805932628,0.0555544281856531,0.0035549914829139414,0.0508265040264877,1709.888888888889,4458.071428571428,4805.0,3180.6315789473683,3436.05,3379.4210526315787,3833.0,3128.846153846154,4100.75,3937.818181818182,5891.444444444444,4393.545454545455,452.0,271.0,238.0,181.5,351.5,249.0,153.0,161.0,263.0,166.0,118.0,187.0,1075.4244416206127,1112.3800692272678,1079.1761322067146,0.7142857142857143,0.21428571428571427,0.07142857142857142,66.51777839397268,85.01125450420712,95.19920659153046,0.7692307692307693,0.21428571428571427,0.07142857142857142,0.15384615384615385,0.7857142857142857,0.2857142857142857,0.0,0.0,0.6428571428571429,0.07692307692307693,0.0,0.0,0.8761285327138986
16,172,135,129,161,0.16506901080541275,0.10772284259788915,0.11695562053050698,0.33675912304424266,0.19806055449775153,0.20390740258417214,0.09459921599246199,0.05810436520002888,0.04474460525823961,1702.5555555555557,1437.2222222222222,1145.7777777777778,1418.6666666666667,1198.9473684210527,1940.5555555555557,1126.0666666666666,1494.2105263157894,1846.7777777777778,1658.1818181818182,2118.4444444444443,1229.7272727272727,120.0,137.0,161.0,148.0,146.0,197.5,148.5,150.0,125.5,183.0,135.0,137.0,1409.980624319823,1442.8226728150512,1370.3598540016012,0.9285714285714286,0.7142857142857143,0.6428571428571429,58.4171256361642,85.53697147299629,98.32789521218703,0.9285714285714286,0.7142857142857143,0.6428571428571429,0.07142857142857142,0.21428571428571427,0.21428571428571427,0.0,0.0,0.14285714285714285,0.0,0.07142857142857142,0.0,0.9364247921390778
17,162,243,203,231,0.268142343268455,0.2244397550415634,0.24500578317453686,0.3940257939683124,0.4028173964154341,0.3877020301984287,0.10845640532027422,0.20849126505893015,0.11242371428204062,1254.5,1541.7142857142858,2968.0,2658.1,2094.409090909091,2929.294117647059,2033.2631578947369,1919.4444444444443,2947.65,2221.4285714285716,2364.222222222222,1875.75,274.0,244.0,194.0,130.0,187.5,127.0,124.0,92.0,159.0,80.0,63.0,203.0,905.4183700884374,904.3739956956355,918.6079118458052,0.6428571428571429,0.42857142857142855,0.21428571428571427,64.73107770138891,64.6053102192826,67.3453491024159,0.6428571428571429,0.42857142857142855,0.21428571428571427,0.14285714285714285,0.35714285714285715,0.42857142857142855,0.21428571428571427,0.21428571428571427,0.21428571428571427,0.0,0.0,0.14285714285714285,0.7647619047619049
18,142,26,33,38,0.042333860191676245,0.04948740166065976,0.045130088577361956,0.16575822958050834,0.1435854464910561,0.13410405820763105,0.051888286791859174,0.02585641755857866,0.0025522252724408116,416.09090909090907,333.0833333333333,421.8,292.1666666666667,529.7058823529412,837.2631578947369,474.11764705882354,945.35,836.875,210.2,308.42857142857144,522.7272727272727,37.0,67.0,48.0,45.5,48.5,52.0,25.5,31.0,61.0,14.0,45.0,31.0,2547.2112139547326,2715.2839017017136,2728.9342570902813,0.8571428571428571,0.7857142857142857,0.2857142857142857,43.86897034038988,47.631170318984005,60.14359377187767,0.8571428571428571,0.7857142857142857,0.2857142857142857,0.14285714285714285,0.14285714285714285,0.14285714285714285,0.0,0.07142857142857142,0.5,0.0,0.0,0.07142857142857142,0.8966439909297053
19,159,291,392,396,0.38285646025795006,0.40629495439274066,0.3849552645197658,0.4032741558137683,0.4080092703482651,0.40781052518674615,0.06228061551783793,0.048901536334703816,0.06737300394648205,2580.6,1833.5,2276.714285714286,2880.6315789473683,3610.285714285714,3045.0,2902.266666666667,3069.25,4339.6,2505.8333333333335,3424.6666666666665,3904.0,291.0,442.0,312.0,163.0,252.0,237.5,141.0,107.0,233.0,116.0,110.0,105.0,1129.4808268003296,1140.5879721149097,1145.6026037829001,0.9285714285714286,1.0,0.7142857142857143,54.29114157224847,68.91545094831304,73.47792560000678,0.9285714285714286,1.0,0.7142857142857143,0.0,0.0,0.14285714285714285,0.07142857142857142,0.0,0.14285714285714285,0.0,0.0,0.0,0.967694633408919
20,136,30,74,57,0.03863022602231826,0.0646005036129149,0.05226309353957507,0.13534485989179426,0.13878719817411925,0.13721445984720965,0.2577550324371156,0.10684574105664704,0.1540523449307317,600.8,731.1428571428571,1912.125,1084.5,930.9130434782609,1073.35,659.5714285714286,1343.0526315789473,910.2,913.5555555555555,1643.142857142857,791.625,112.0,155.0,106.0,71.0,140.0,112.5,55.0,65.0,81.0,40.0,55.0,77.0,1916.5882348313573,1923.8352015116739,1944.483276164823,0.7142857142857143,0.5,0.14285714285714285,55.470996768673494,81.82156469531868,77.90255600437376,0.7142857142857143,0.5,0.14285714285714285,0.21428571428571427,0.5,0.35714285714285715,0.07142857142857142,0.0,0.42857142857142855,0.0,0.0,0.07142857142857142,0.8546107331821617
21,140,131,219,190,0.238055053016249,0.3295230889083509,0.3216116137370352,0.27237859379007273,0.36055694145965106,0.3325971893852107,0.04410923894552222,0.08936997198955023,0.030444770971970077,1725.857142857143,1036.7142857142858,1495.4,1093.0,1435.2631578947369,1110.111111111111,1410.4,1881.3181818181818,1085.842105263158,1882.5,2790.5,825.7777777777778,84.0,139.0,93.0,82.0,145.0,80.0,111.0,123.5,98.0,68.0,111.0,143.0,1506.6874138588028,1534.8197003697085,1503.9988276016825,0.14285714285714285,0.35714285714285715,0.21428571428571427,39.306634068818376,47.471202077763465,42.19819183061346,0.14285714285714285,0.35714285714285715,0.21428571428571427,0.21428571428571427,0.5,0.07142857142857142,0.42857142857142855,0.14285714285714285,0.42857142857142855,0.21428571428571427,0.0,0.2857142857142857,0.5839984882842025
22,46,215,362,293,0.3190148232325455,0.3139288528578513,0.30248012971611177,0.4197092555536164,0.4093328718894833,0.45054776645601885,0.07765117555455257,0.06983616165923416,0.08230453358913656,1612.2857142857142,1932.6,2317.6,1812.0,3079.5454545454545,3459.4444444444443,1864.04,4462.117647058823,2973.75,2408.1428571428573,3216.285714285714,4293.25,255.0,446.0,310.0,137.5,267.0,194.0,65.5,125.5,231.0,52.0,93.0,124.0,1511.4505967061857,1503.208799153416,1500.6751477557166,0.9285714285714286,0.7142857142857143,0.5714285714285714,48.13927673181596,82.36625153041003,69.18990496405046,0.9285714285714286,0.7142857142857143,0.6153846153846154,0.07142857142857142,0.2857142857142857,0.07692307692307693,0.0,0.0,0.23076923076923078,0.0,0.0,0.07692307692307693,0.9346728610143243
23,28,285,406,403,0.27927339407487894,0.2929126111637378,0.2630076502009479,0.35469582870136795,0.35569258554365435,0.3580395583498587,0.11226888432474721,0.062467582358650825,0.07945702583614246,1098.4285714285713,1820.090909090909,3995.625,1877.25,4160.0,3989.6315789473683,3069.157894736842,4856.235294117647,4239.95,2658.7,5344.6,3519.0,401.0,517.0,255.0,116.5,249.5,264.0,77.0,150.5,255.5,73.0,128.0,238.0,2174.3518537781333,2153.0812658741193,2142.8715779658914,1.0,0.8571428571428571,0.42857142857142855,72.8932411359053,99.00563818260811,109.44820146380114,1.0,0.8571428571428571,0.42857142857142855,0.0,0.14285714285714285,0.35714285714285715,0.0,0.0,0.21428571428571427,0.0,0.0,0.0,0.9713907785336359
24,129,303,295,292,0.37857892489207917,0.39597987011248903,0.3881256823881535,0.36196643187107225,0.3982255457826524,0.3538044726451928,0.060285257841725476,0.04023826632665113,0.09093837906256133,2271.4545454545455,767.0,1100.9,1966.875,2817.5238095238096,1874.875,2526.9444444444443,2150.2105263157896,2155.4,2096.4545454545455,2824.4444444444443,1577.9,201.0,137.0,135.0,121.5,119.0,101.0,101.5,130.0,113.5,99.0,106.0,69.0,1646.0734504847176,1682.2793799532446,1679.0791488173923,0.7857142857142857,0.35714285714285715,0.42857142857142855,57.16867928933665,53.213383209208715,53.738115779424824,0.7857142857142857,0.38461538461538464,0.42857142857142855,0.14285714285714285,0.5384615384615384,0.2857142857142857,0.0,0.07692307692307693,0.2857142857142857,0.07142857142857142,0.0,0.0,0.8819357336430508
25,119,107,335,294,0.1993019924146284,0.2559916236419813,0.20172517460891706,0.35049583660416317,0.35277556123116083,0.3390979600974405,0.11962962397029836,0.051748515680701414,0.051184675426789096,3400.5,2069.125,4245.090909090909,2121.5789473684213,7025.0,4358.35294117647,1246.1818181818182,5966.0,5327.444444444444,1690.7777777777778,7190.25,5421.0,151.0,590.0,470.0,112.0,482.5,325.0,135.5,184.5,296.5,129.0,214.0,288.0,1235.8324129937248,1263.1540132574385,1265.8225705181162,0.9285714285714286,0.6428571428571429,0.7142857142857143,38.348122114890465,93.47404062734836,104.10202911318594,0.9285714285714286,0.6428571428571429,0.7142857142857143,0.0,0.35714285714285715,0.14285714285714285,0.0,0.0,0.14285714285714285,0.07142857142857142,0.0,0.0,0.948798185941043
26,79,98,142,228,0.14350145431307393,0.14068083469258902,0.2073062294575554,0.19812132928584913,0.212775799632127,0.21919996975375838,0.11421544322877313,0.08262423191920586,0.03588489016667254,557.25,1637.6666666666667,1292.9,578.3333333333334,1877.3333333333333,3788.8,1264.3333333333333,1997.2631578947369,2112.5416666666665,591.6666666666666,1793.5714285714287,1931.142857142857,132.0,157.0,246.0,66.5,128.0,131.0,32.0,75.5,106.5,31.0,81.0,99.0,1025.5014753215744,1037.0953743028301,1037.7335670152129,0.9285714285714286,0.7142857142857143,0.6428571428571429,48.779993439845256,72.09835771177339,78.55873086075631,0.9285714285714286,0.7142857142857143,0.6428571428571429,0.07142857142857142,0.2857142857142857,0.21428571428571427,0.0,0.0,0.14285714285714285,0.0,0.0,0.0,0.9583446712018139
27,139,256,380,468,0.31594831564638765,0.2559123787570351,0.3458500230819171,0.4678466392589285,0.3740677974827865,0.4372468036475202,0.24542889842873553,0.10910420196129207,0.08119494388046238,2566.9,3753.1,4776.666666666667,3587.266666666667,4396.764705882353,4845.1578947368425,2782.0454545454545,4526.105263157895,4345.047619047619,1719.2222222222222,6854.1,4623.6,304.0,394.0,345.0,141.5,391.5,251.0,126.0,132.0,282.5,108.0,115.0,157.0,1444.8154155543828,1450.9671156785757,1444.0309954102925,0.7142857142857143,0.42857142857142855,0.21428571428571427,57.87565047879486,106.06308797835352,96.65626484764938,0.7692307692307693,0.42857142857142855,0.23076923076923078,0.23076923076923078,0.5,0.15384615384615385,0.0,0.07142857142857142,0.5384615384615384,0.0,0.0,0.07692307692307693,0.8589365079365081
28,145,488,525,577,0.4140083824475629,0.400048257906419,0.43880907798025476,0.4942420192369345,0.46423733438169695,0.4896059818877299,0.008266593603625107,0.0267178896513767,0.011015096508606603,1794.5555555555557,4777.888888888889,2654.4545454545455,3228.5714285714284,3342.2,4179.826086956522,2192.3888888888887,4228.5625,5265.538461538462,3046.5,3662.6363636363635,3711.0,356.0,377.0,315.0,201.0,261.5,331.0,147.0,175.0,252.0,108.0,171.0,198.0,1239.455608663477,1229.3391206059255,1258.553404657869,0.8571428571428571,0.6428571428571429,0.2857142857142857,84.19429251908387,93.73869091756465,93.92304713472734,0.8571428571428571,0.6428571428571429,0.3076923076923077,0.07142857142857142,0.2857142857142857,0.38461538461538464,0.07142857142857142,0.07142857142857142,0.3076923076923077,0.0,0.0,0.0,0.9060394889663181
29,96,259,289,426,0.2820170262593646,0.2622103395393806,0.29591532836836226,0.35556902667169593,0.3876984013087654,0.3449844804715104,0.049243003843835925,0.07001469716807933,0.0689190967591442,1820.8,2412.75,5150.916666666667,3600.0625,4896.058823529412,3589.764705882353,2722.5454545454545,3629.4545454545455,3979.0588235294117,2276.0,4409.888888888889,5120.6,350.0,377.0,313.0,108.5,250.0,264.5,95.0,138.5,239.5,80.0,120.0,198.0,1229.3891173456389,1268.213070870528,1207.5356578771991,0.9285714285714286,0.7142857142857143,0.5,65.59887622879185,78.72632779897243,102.8286422212412,0.9285714285714286,0.7142857142857143,0.5,0.0,0.21428571428571427,0.21428571428571427,0.0,0.07142857142857142,0.2857142857142857,0.07142857142857142,0.0,0.0,0.93
30,134,94,229,152,0.18385532373104915,0.26972645668050893,0.23361084196822082,0.37423359963915204,0.3616101286702317,0.38027849097497946,0.17193993402711777,0.07381788861607361,0.14014345147942248,468.2857142857143,1588.4545454545455,1772.0,1155.4705882352941,1974.0555555555557,1660.157894736842,1396.2857142857142,1829.6470588235295,1774.2105263157894,1522.8181818181818,3408.0,1367.3636363636363,145.0,219.0,94.0,67.0,213.0,109.0,62.0,95.0,119.0,67.0,76.0,110.0,1206.0502272081653,1265.415115854025,1215.0636151702136,0.7857142857142857,0.21428571428571427,0.14285714285714285,36.519397850603646,60.64344988047612,46.47533806936839,0.7857142857142857,0.21428571428571427,0.14285714285714285,0.0,0.7857142857142857,0.35714285714285715,0.14285714285714285,0.0,0.5,0.07142857142857142,0.0,0.0,0.86859410430839
31,181,148,350,368,0.16677787938368652,0.24703400399583367,0.24567289010753252,0.40238656721760924,0.39719609366474107,0.3902427072739366,0.09724051870119647,0.07242895834869845,0.046595735627270235,841.2222222222222,1985.5,3674.5,2533.5555555555557,4554.5,3869.0476190476193,2193.6111111111113,4364.470588235294,4211.611111111111,1846.4545454545455,3869.3846153846152,7188.428571428572,390.0,578.0,568.0,178.5,354.0,311.0,84.5,163.5,347.0,90.0,148.0,193.0,1838.6572184813851,1816.7455934343247,1876.5246956955586,0.9285714285714286,0.6428571428571429,0.6428571428571429,63.38627526920469,101.20064280875938,106.9947696475947,0.9285714285714286,0.6428571428571429,0.6428571428571429,0.07142857142857142,0.21428571428571427,0.07142857142857142,0.0,0.14285714285714285,0.2857142857142857,0.0,0.0,0.0,0.9241345427059713
32,157,261,346,316,0.28860371759909353,0.271069119687381,0.26100987342575277,0.4034779490558638,0.32881310967488997,0.33224326739445637,0.03780598124411114,0.0620552424893577,0.08040177876308924,1198.6666666666667,2980.9,4054.6,1460.7727272727273,3201.315789473684,4275.363636363636,2993.842105263158,3336.764705882353,2083.4375,3253.0,3345.5,1985.75,293.0,459.0,410.0,127.0,286.0,155.0,89.0,148.5,279.5,135.0,158.0,102.0,1257.0590664107146,1281.006457136141,1313.3964213449042,1.0,0.8571428571428571,0.7857142857142857,64.59673249515929,91.17337210076987,86.47729787068485,1.0,0.8571428571428571,0.7857142857142857,0.0,0.14285714285714285,0.0,0.0,0.0,0.14285714285714285,0.0,0.0,0.07142857142857142,0.9640967498110355
33,56,548,449,607,0.5928581244330465,0.5732860393703108,0.537221887904601,0.4345585140620753,0.5006153306469241,0.42139968101411746,0.06822844977280021,0.06871260911971636,0.047679106334755625,1841.2,1763.2857142857142,3671.75,4305.625,1327.75,3377.7272727272725,2263.15,3471.5,2560.777777777778,2136.4,2371.8888888888887,4115.375,550.0,396.0,439.0,157.0,244.0,210.5,116.5,100.0,279.0,96.0,107.0,113.0,2335.795081234749,2353.21292501934,2356.1380853213204,0.9285714285714286,0.9285714285714286,0.5714285714285714,66.02398707159435,55.94315292703686,80.70621066139834,0.9285714285714286,1.0,0.5714285714285714,0.07142857142857142,0.0,0.07142857142857142,0.0,0.0,0.35714285714285715,0.0,0.0,0.0,0.9679674796747968
34,85,308,289,386,0.3648972493562137,0.29770543270467975,0.31647133811988903,0.4202585596327283,0.41594702574126785,0.37860548412873823,0.08618683472781115,0.11077629452167179,0.07133559115838162,1175.0,1065.6,2904.4,2099.7,2566.684210526316,2973.9444444444443,1886.3333333333333,2723.7894736842104,3147.35,3754.181818181818,2759.125,3049.0,406.0,377.0,394.0,117.5,198.0,243.0,88.0,116.5,221.5,87.0,81.0,148.0,1163.1148864813724,1144.6607086930064,1145.4061636346737,0.9285714285714286,0.8571428571428571,0.7857142857142857,60.29094502305645,69.33987383204597,87.12140800878363,0.9285714285714286,0.8571428571428571,0.7857142857142857,0.07142857142857142,0.14285714285714285,0.21428571428571427,0.0,0.0,0.0,0.0,0.0,0.0,0.9681708238851096
35,18,128,175,141,0.23247091117767443,0.24127190076510976,0.21040208599578147,0.22201335253266624,0.24457250036757647,0.21497273556603025,0.12526004900791426,0.056672701444860585,0.09401391931909375,1555.090909090909,1738.1,1623.4444444444443,997.1111111111111,1160.625,1173.9444444444443,1119.2777777777778,1516.590909090909,1171.611111111111,1349.7777777777778,1404.875,1595.7272727272727,140.0,97.0,122.0,93.5,85.5,102.5,74.0,96.5,73.5,84.0,106.0,90.0,2246.322973874809,2196.829594678759,2230.9169987786545,0.42857142857142855,0.21428571428571427,0.2857142857142857,39.32903732574687,51.80876828325472,47.86753193896805,0.42857142857142855,0.21428571428571427,0.2857142857142857,0.2857142857142857,0.21428571428571427,0.42857142857142855,0.14285714285714285,0.21428571428571427,0.07142857142857142,0.14285714285714285,0.35714285714285715,0.21428571428571427,0.5750415721844293
36,32,143,86,132,0.1544916636694872,0.12037148935460519,0.1564636898899414,0.10122985234846818,0.09158170837164153,0.1211076372987507,0.011410775885854011,0.025510357732291097,0.025743018310831416,2775.3333333333335,2999.8571428571427,1950.0,2009.8,1842.7222222222222,2368.866666666667,3757.7894736842104,1441.125,3373.5,1962.909090909091,1873.2857142857142,2376.0833333333335,67.0,64.0,71.0,131.0,72.0,111.5,185.0,127.0,91.0,246.0,242.0,302.0,600.4337867919965,609.4081397293546,610.1410898691126,0.0,0.0,0.0,66.11544902602459,51.03249262589712,60.26044403786981,0.0,0.0,0.0,0.14285714285714285,0.07142857142857142,0.14285714285714285,0.2857142857142857,0.0,0.0,0.5714285714285714,0.9285714285714286,0.8571428571428571,0.0856084656084656
37,101,162,234,191,0.28879355288404335,0.26868176506756225,0.21035532690613573,0.40252473243278525,0.3701814687788544,0.3855427674312939,0.09093788098593097,0.0858863078079216,0.10069302004384387,1687.0,2384.7272727272725,2581.8888888888887,1722.5625,2068.6666666666665,2127.9473684210525,1548.3157894736842,2620.9444444444443,2115.5,913.4166666666666,2220.5555555555557,2231.2,174.0,351.0,201.0,77.5,193.0,155.0,69.0,85.0,159.0,72.0,77.0,93.0,1708.0994611731378,1720.5053352673444,1701.0154704372342,1.0,0.5714285714285714,0.5,40.06816792089103,62.20848560408545,64.85624749091724,1.0,0.5714285714285714,0.5,0.0,0.2857142857142857,0.21428571428571427,0.0,0.14285714285714285,0.2857142857142857,0.0,0.0,0.0,0.9322675736961452
38,164,159,341,288,0.2456757578644578,0.26284973346083124,0.2014306652697285,0.28311581628466964,0.2958701348743066,0.32240796447703735,0.19438514917067998,0.07950240911774233,0.11724383777949698,2036.625,3687.0,3341.0,2521.733333333333,3190.7619047619046,4073.7,2659.8695652173915,4748.35,3765.9473684210525,1293.9,6178.777777777777,3777.285714285714,152.0,344.0,307.0,104.5,281.5,212.5,89.5,89.5,182.0,76.0,125.0,104.0,3064.4468161185714,3080.3611931196865,3047.116902662297,0.9285714285714286,0.7857142857142857,0.8571428571428571,46.228178782738205,92.66565553041528,102.12659797296563,0.9285714285714286,0.7857142857142857,0.8571428571428571,0.0,0.21428571428571427,0.0,0.07142857142857142,0.0,0.14285714285714285,0.0,0.0,0.0,0.9640967498110354
39,113,122,190,253,0.19849475438285366,0.18489336306521145,0.21626826537586774,0.38848026642618005,0.4137816153103082,0.38343850561974446,0.13488694764024986,0.08019700966805371,0.10942490375796374,1097.3333333333333,1231.6153846153845,1490.2,1939.5555555555557,1452.1666666666667,3185.608695652174,1720.5555555555557,2214.277777777778,3296.2105263157896,1425.5454545454545,1868.2857142857142,2653.5555555555557,170.0,281.0,363.0,104.5,143.5,201.5,72.5,102.5,196.5,70.0,48.0,101.0,1890.3468079636211,1945.1009336724403,1911.6497040788206,0.7857142857142857,0.8571428571428571,0.42857142857142855,43.901843861716024,73.4013830807002,83.560241906139,0.7857142857142857,0.8571428571428571,0.42857142857142855,0.14285714285714285,0.07142857142857142,0.07142857142857142,0.07142857142857142,0.07142857142857142,0.35714285714285715,0.0,0.0,0.14285714285714285,0.8625321239606953
40,82,119,174,186,0.17828266122099024,0.18591800753204715,0.15931465174402223,0.3340687473084142,0.30517265592659765,0.3036040474617346,0.04810635505719325,0.024377697366917563,0.038528449810481764,1196.375,1919.0,2300.181818181818,1253.8947368421052,1841.842105263158,2200.733333333333,1507.1666666666667,2476.55,2616.875,942.0909090909091,2398.5,2996.285714285714,173.0,235.0,215.0,92.5,205.0,181.0,71.5,121.5,206.5,71.0,86.0,124.0,1202.9201470168678,1243.3180002025806,1246.5655274494427,0.8571428571428571,0.7142857142857143,0.5714285714285714,47.67709850069956,66.8497451836616,83.39292174495677,0.8571428571428571,0.7142857142857143,0.5714285714285714,0.07142857142857142,0.2857142857142857,0.14285714285714285,0.07142857142857142,0.0,0.2857142857142857,0.0,0.0,0.0,0.9310355253212396
41,155,353,422,441,0.39971843261040096,0.4157739486110559,0.44560183371183765,0.4132080804508761,0.403255408821833,0.4214716355465941,0.12522397174367997,0.1752763062366243,0.18042024177343446,2747.8888888888887,3717.222222222222,3350.4,2272.391304347826,2881.125,3277.4444444444443,3449.1875,2929.5714285714284,4199.8421052631575,3095.125,3644.2,3749.4444444444443,315.0,262.0,167.0,185.0,228.0,210.5,156.5,218.0,252.5,134.0,173.0,181.0,2245.453122902359,2216.237022618122,2231.3655236023433,0.7857142857142857,0.2857142857142857,0.21428571428571427,63.08011754579671,72.49818619842121,70.69091196866677,0.7857142857142857,0.2857142857142857,0.21428571428571427,0.14285714285714285,0.5,0.2857142857142857,0.07142857142857142,0.07142857142857142,0.5,0.0,0.14285714285714285,0.0,0.8284353741496601
42,69,283,423,501,0.33829077813193614,0.312293561295847,0.4430342565626514,0.367588193966691,0.3108494804308478,0.362041227503623,0.13723847228187747,0.0963628664326663,0.06863847497033222,1603.375,4048.5,2430.1666666666665,2178.55,3283.125,3286.3333333333335,2720.9444444444443,3494.5263157894738,2738.0625,1174.6,3177.4545454545455,3599.0,282.0,456.0,328.0,139.5,380.0,223.0,110.0,148.5,271.5,115.0,159.0,266.0,1232.4331974854751,1219.200436972853,1253.8377585192814,0.9285714285714286,0.35714285714285715,0.21428571428571427,59.75417309898403,96.74962746242029,80.77414727105572,0.9285714285714286,0.35714285714285715,0.23076923076923078,0.07142857142857142,0.5714285714285714,0.23076923076923078,0.0,0.07142857142857142,0.5384615384615384,0.0,0.0,0.0,0.9093224932249321
43,64,97,135,184,0.2439746869575736,0.22463627566507513,0.23660926887874564,0.2764283507288476,0.2615015844603325,0.3375887039724481,0.014902577528078595,0.009115240874765049,0.010427524789879067,1518.2,1186.9,2038.875,1083.8235294117646,1571.8333333333333,2375.2105263157896,1232.7894736842106,2106.15,2881.35,1884.0,1322.125,3828.5555555555557,199.0,279.0,304.0,111.5,152.5,172.0,71.5,92.5,236.5,67.0,64.0,72.0,1373.0961302401058,1356.5208208515742,1387.990730011194,0.9285714285714286,1.0,0.7857142857142857,28.398730683795424,42.926535860282456,55.54667069950002,0.9285714285714286,1.0,0.8461538461538461,0.07142857142857142,0.0,0.0,0.0,0.0,0.15384615384615385,0.0,0.0,0.0,0.975609756097561
44,174,269,349,478,0.29379852496766073,0.35845590192245613,0.559137550098097,0.32787696948825906,0.4041544074933325,0.5421329840609086,0.046799156120220425,0.022468714356606447,0.02615196277728693,3016.25,2137.8888888888887,3103.6666666666665,2901.5555555555557,3010.5625,3261.222222222222,2742.809523809524,3699.090909090909,5026.857142857143,2210.1111111111113,6213.777777777777,4358.375,370.0,519.0,503.0,235.0,314.0,323.5,131.0,168.5,267.0,121.0,139.0,229.0,948.6860611747878,976.1923471981396,963.5196212762029,0.9285714285714286,0.7142857142857143,0.5714285714285714,65.39953090779025,69.54431854762477,61.06343088005269,0.9285714285714286,0.7142857142857143,0.6153846153846154,0.07142857142857142,0.2857142857142857,0.07692307692307693,0.0,0.0,0.3076923076923077,0.0,0.0,0.0,0.9563530778164925
45,14,210,284,174,0.2990368048552101,0.44790546572967627,0.19944489293482245,0.4986153924003624,0.7131553979611749,0.38005026713242224,0.13771784051410446,0.1614383777571166,0.09057319856278047,1521.8,2279.090909090909,1518.5,1652.4,2480.875,1635.388888888889,2009.8235294117646,2185.6,1405.2105263157894,1766.7777777777778,3236.222222222222,1582.888888888889,107.0,120.0,119.0,141.0,174.0,106.0,146.5,171.5,140.5,134.0,172.0,130.0,1859.4258887464025,1635.38996668952,1844.5194083442937,1.0,0.5714285714285714,0.6428571428571429,50.16104959810151,45.29016910447191,62.315816894008016,1.0,0.5714285714285714,0.6923076923076923,0.0,0.35714285714285715,0.15384615384615385,0.0,0.07142857142857142,0.15384615384615385,0.0,0.0,0.0,0.9529694154084398
46,117,217,441,447,0.29728613733718967,0.34380605061727393,0.4785763384912615,0.39420963800231174,0.3537974754352126,0.4797176413477082,0.09560968773559968,0.06358462922527179,0.04202264269749891,1047.0,4084.0,4794.0,2063.55,3573.2631578947367,4202.176470588235,2730.95,4270.1578947368425,3623.3,2178.8571428571427,4695.1,5283.090909090909,365.0,439.0,409.0,131.5,351.5,272.5,104.5,260.5,311.5,108.0,205.0,266.0,1959.4791195385594,1968.6114146667248,1957.556034024971,0.9285714285714286,0.5,0.5,52.138320807133695,91.62142418216457,66.7157334381136,0.9285714285714286,0.5384615384615384,0.6363636363636364,0.0,0.46153846153846156,0.18181818181818182,0.07142857142857142,0.0,0.18181818181818182,0.0,0.0,0.0,0.9450793650793651
47,27,29,31,31,0.17444091593774969,0.21756932718158598,0.16506437132234808,0.2671171639326776,0.21728157420047486,0.3473380345193358,0.1784530570043179,0.1113393485938284,0.10215354721997573,609.125,254.53846153846155,480.9,392.45,342.6,496.6666666666667,172.5,464.6875,325.5238095238095,273.5,518.9166666666666,283.3,17.0,15.0,27.0,16.0,17.5,21.0,21.5,24.0,20.0,28.0,26.0,40.0,1393.9494967457836,1404.1980099104383,1420.557702125115,0.0,0.0,0.0,11.874671491450856,10.177379978004183,13.414679961198399,0.0,0.0,0.0,0.2857142857142857,0.07142857142857142,0.0,0.2857142857142857,0.5714285714285714,0.21428571428571427,0.42857142857142855,0.35714285714285715,0.7857142857142857,0.18329554043839758
48,92,382,403,376,0.33317588448552915,0.3989128436642091,0.3079293184986347,0.44099491502012766,0.4363611580600016,0.4368689878932638,0.09730567422153943,0.11521157245599163,0.11086028738618267,1250.75,2371.3333333333335,2792.5555555555557,3107.0588235294117,3323.909090909091,3170.777777777778,3002.5416666666665,2259.5625,2311.3888888888887,2943.0,1837.6666666666667,2771.3636363636365,316.0,277.0,230.0,165.0,218.5,179.0,131.5,96.5,192.0,95.0,73.0,92.0,1139.646699745659,1107.5029932909417,1116.9983603043136,0.8571428571428571,0.6428571428571429,0.5714285714285714,81.89582606750575,72.1604098311387,87.21853114893293,0.8571428571428571,0.6428571428571429,0.5714285714285714,0.07142857142857142,0.2857142857142857,0.21428571428571427,0.07142857142857142,0.07142857142857142,0.21428571428571427,0.0,0.0,0.0,0.9163945578231294
49,132,101,155,212,0.20391104411532018,0.1978543399630724,0.26837446812102184,0.34604915539107156,0.41949715398776943,0.4471612346644182,0.12359633870985927,0.06862099101764417,0.09194990326401142,876.0,1058.2222222222222,807.5555555555555,1242.2105263157894,2617.45,2064.75,1023.9473684210526,2189.5,3018.2,1151.7142857142858,3146.222222222222,3993.5714285714284,159.0,269.0,257.0,66.0,186.0,119.0,34.0,70.0,199.5,39.0,55.0,54.0,1643.4947442973573,1603.8747876441923,1632.8082513066347,1.0,0.8571428571428571,0.6428571428571429,35.37957321333579,55.957471407980975,56.424358281461274,1.0,0.9230769230769231,0.6923076923076923,0.0,0.07692307692307693,0.0,0.0,0.0,0.3076923076923077,0.0,0.0,0.0,0.9821428571428573
50,130,252,256,274,0.28853344706834416,0.2778788481289616,0.3209099932558941,0.4789300279395659,0.4313852024352028,0.4649130823098793,0.09258717723704199,0.04855173046078251,0.06461768667121967,2794.3333333333335,2419.230769230769,3275.1111111111113,2515.153846153846,2006.0,2773.55,2936.5238095238096,2931.9444444444443,2847.0526315789475,3556.5,3205.6666666666665,1709.625,205.0,155.0,158.0,176.0,179.5,178.5,198.5,198.0,202.5,233.0,220.0,133.0,1126.9525388687393,974.4902885874789,1157.3112303048372,0.5,0.21428571428571427,0.07142857142857142,62.384448606876376,65.8046281997974,60.987282985052715,0.5,0.21428571428571427,0.07692307692307693,0.35714285714285715,0.35714285714285715,0.46153846153846156,0.07142857142857142,0.35714285714285715,0.46153846153846156,0.07142857142857142,0.07142857142857142,0.0,0.7028881145954317
51,44,284,450,452,0.2585455405310303,0.35422451838145075,0.30728633006017425,0.42916921059232166,0.4533286669686166,0.4211277573033079,0.1672024935073632,0.12998780359644999,0.17488399267698995,1502.6153846153845,2601.7,3800.6666666666665,3316.176470588235,5079.0,4748.294117647059,3164.1111111111113,3202.0625,4722.444444444444,2355.0,4616.3,4420.111111111111,450.0,404.0,399.0,168.0,294.0,307.5,119.0,241.5,278.0,123.0,139.0,204.0,1338.424152605498,1406.67968208768,1377.9407210038942,0.8571428571428571,0.35714285714285715,0.21428571428571427,78.46089413899452,90.74148026152086,105.06719996100037,0.8571428571428571,0.35714285714285715,0.21428571428571427,0.14285714285714285,0.42857142857142855,0.2857142857142857,0.0,0.14285714285714285,0.5,0.0,0.07142857142857142,0.0,0.8616931216931217
52,146,321,412,505,0.41151882551120117,0.35420985346453815,0.3754228299076686,0.5540453580502458,0.46294712008222705,0.48788092445939685,0.11110623691769245,0.054516507325339386,0.022286734688716826,682.2857142857143,3381.375,2438.25,3076.235294117647,1476.7894736842106,2533.3529411764707,1656.5,4178.65,3953.0555555555557,2254.5,4501.888888888889,4389.0,333.0,423.0,344.0,121.5,291.0,254.0,96.0,106.5,203.0,111.0,99.0,156.0,1773.8090267085058,1746.701770147139,1789.0732418194914,0.7857142857142857,0.35714285714285715,0.5714285714285714,55.71694417646352,83.08230598536322,96.08213911844405,0.8461538461538461,0.35714285714285715,0.5714285714285714,0.07692307692307693,0.6428571428571429,0.07142857142857142,0.07692307692307693,0.0,0.2857142857142857,0.0,0.0,0.07142857142857142,0.8978939217963608
53,10,50,54,54,0.17129858904540957,0.1845762457883257,0.18677198706879697,0.39985544446513777,0.40040398445151554,0.3901217173602003,0.16219920799531742,0.18726285558813358,0.09838733229924071,460.72727272727275,533.125,415.42857142857144,481.52941176470586,919.8823529411765,541.625,592.421052631579,749.2727272727273,650.7,450.44444444444446,524.8888888888889,454.6923076923077,34.0,37.0,24.0,35.0,37.5,28.5,26.5,34.0,35.5,26.0,50.0,35.0,1011.622132455298,1021.0625240453766,1016.5757850299369,0.42857142857142855,0.2857142857142857,0.07142857142857142,20.84914178996431,20.897287409162477,20.65161332637152,0.42857142857142855,0.2857142857142857,0.07142857142857142,0.42857142857142855,0.42857142857142855,0.35714285714285715,0.0,0.21428571428571427,0.5,0.14285714285714285,0.07142857142857142,0.07142857142857142,0.7170445956160242
54,86,157,167,228,0.23690078066471124,0.21688605138617456,0.29833393643993034,0.33066218645416234,0.3598762977554512,0.33059718148729594,0.10891249329680378,0.12366141341849561,0.1695570459898925,869.8888888888889,2423.1,1804.7777777777778,1563.5238095238096,1861.5294117647059,1756.2222222222222,2024.0714285714287,1309.7368421052631,1797.5238095238096,1127.5,2685.8,2364.625,116.0,114.0,160.0,93.0,140.0,120.5,95.5,143.0,150.0,88.0,128.0,174.0,1321.314792083132,1277.7026290568804,1314.4279731243828,0.5714285714285714,0.35714285714285715,0.14285714285714285,47.3374789345141,54.99925584117955,54.588876076434644,0.5714285714285714,0.35714285714285715,0.14285714285714285,0.21428571428571427,0.5,0.5714285714285714,0.14285714285714285,0.14285714285714285,0.2857142857142857,0.07142857142857142,0.0,0.0,0.7989720332577475
55,50,148,212,174,0.15890350967283878,0.19292314617054745,0.14766982252981414,0.4478308898078405,0.3536153867228475,0.3619090313206403,0.2139217025523339,0.1311413286391105,0.20252491821393523,2076.7272727272725,2552.0,2542.125,1521.5238095238096,2218.6666666666665,3590.5882352941176,1994.3125,2857.95,2176.05,2288.0,2188.777777777778,3250.7272727272725,134.0,242.0,202.0,83.5,204.5,160.0,97.0,88.0,197.5,132.0,87.0,163.0,1582.8109133952564,1609.0296706815232,1559.4636954090595,1.0,0.7857142857142857,0.6428571428571429,66.5273447590537,78.49165558118459,84.16459920957875,1.0,0.7857142857142857,0.6923076923076923,0.0,0.14285714285714285,0.07692307692307693,0.0,0.07142857142857142,0.23076923076923078,0.0,0.0,0.0,0.9679674796747968
56,173,89,119,123,0.11090316320609138,0.13757115930267202,0.13817395801403062,0.4006756832222049,0.42086023387109106,0.40266362769415603,0.2444916307511366,0.19098229485681276,0.2175588286723843,1458.8333333333333,1572.2727272727273,1389.5555555555557,1659.6842105263158,2147.2105263157896,1715.3157894736842,1595.1363636363637,1279.8666666666666,1480.5,1547.7777777777778,3380.4545454545455,1213.25,114.0,141.0,80.0,98.5,88.0,106.5,62.0,79.0,80.0,54.0,81.0,78.0,944.3431155289607,980.0412597241475,987.3793138535914,0.42857142857142855,0.5,0.14285714285714285,57.32156480811442,61.78620608480186,63.58444392844386,0.42857142857142855,0.5,0.14285714285714285,0.35714285714285715,0.2857142857142857,0.5714285714285714,0.21428571428571427,0.21428571428571427,0.21428571428571427,0.0,0.0,0.07142857142857142,0.7415268329554043
57,102,293,302,288,0.3310024480733496,0.22483248738567294,0.21101558037943124,0.3373095698057507,0.27028364032402635,0.20072857083593396,0.08431637786485503,0.09560145375875433,0.06077395253525105,1389.6,2077.4545454545455,1407.4444444444443,2046.095238095238,1687.4117647058824,3536.65,2194.176470588235,4405.590909090909,2690.35,4636.125,1710.1666666666667,1095.2857142857142,297.0,329.0,269.0,152.0,245.5,147.5,91.5,68.5,116.5,79.0,71.0,107.0,2280.1595674498762,2251.977380459086,2269.3867957607986,0.7857142857142857,0.8571428571428571,0.7142857142857143,63.2278448403913,95.94444656223277,97.48772358154163,0.7857142857142857,0.8571428571428571,0.7142857142857143,0.14285714285714285,0.14285714285714285,0.14285714285714285,0.07142857142857142,0.0,0.14285714285714285,0.0,0.0,0.0,0.9351927437641724
58,126,138,161,173,0.22779699861653163,0.20566509534138794,0.17234630019491246,0.29825890211613504,0.30684976740344594,0.31503708209963904,0.017674075827443507,0.024378339624192842,0.022237653832085758,1707.75,1881.6923076923076,2907.75,1577.1,1796.1176470588234,3119.6,1428.5625,2845.0555555555557,2952.0714285714284,1881.75,2217.0,1619.5,244.0,259.0,271.0,143.5,171.5,171.0,64.5,125.0,194.5,77.0,88.0,117.0,1015.3373219989608,1034.6058480819163,972.0589668550625,0.7857142857142857,0.6428571428571429,0.7857142857142857,43.27160988515108,55.916148439825925,71.69949597506725,0.7857142857142857,0.6428571428571429,0.7857142857142857,0.21428571428571427,0.2857142857142857,0.07142857142857142,0.0,0.07142857142857142,0.14285714285714285,0.0,0.0,0.0,0.9124187452758881
59,20,147,130,129,0.23393295340419473,0.23684174642114977,0.23246850735974842,0.18686946249279573,0.25920689472165775,0.27782329335378053,0.05233732633712351,0.08103813632737818,0.06948645872313595,1132.3,1411.6,2318.5555555555557,1351.7058823529412,1068.8823529411766,1080.45,1350.0588235294117,1182.95,1095.5714285714287,1959.5,1215.4444444444443,283.5,45.0,58.0,36.0,81.5,36.5,42.0,80.5,63.5,38.0,103.0,109.0,190.0,1327.258381043097,1336.4423867875896,1375.0561126311284,0.0,0.07142857142857142,0.0,44.88465539892474,39.206408608398434,39.636705285101144,0.0,0.07142857142857142,0.0,0.0,0.0,0.0,0.2857142857142857,0.07142857142857142,0.0,0.7142857142857143,0.8571428571428571,1.0,0.047619047619047616
60,83,90,126,96,0.1055218273497629,0.1293881120029622,0.08394453789890953,0.4785895580858563,0.49784437939628656,0.3427805251320388,0.3670295372821903,0.28033166733175124,0.1595575804113523,938.4285714285714,1264.2,1723.4444444444443,1400.4,2340.625,2163.5,1459.375,1773.047619047619,1616.7894736842106,444.625,1868.0,1752.0,106.0,131.0,176.0,70.5,118.0,92.0,76.5,96.5,103.5,68.0,78.0,78.0,2544.177528219595,2743.6247514205634,2785.050760628935,0.7857142857142857,0.2857142857142857,0.42857142857142855,60.921721979503545,69.55816775341737,81.68658770152017,0.7857142857142857,0.2857142857142857,0.42857142857142855,0.14285714285714285,0.42857142857142855,0.14285714285714285,0.07142857142857142,0.14285714285714285,0.35714285714285715,0.0,0.14285714285714285,0.07142857142857142,0.80140589569161
61,16,209,186,247,0.2458611139769211,0.19614117534821957,0.3543850889953294,0.3872571346309115,0.332312713594945,0.48875442802237223,0.11373958625400273,0.09288022818451873,0.05392822809743905,1276.1,879.1666666666666,2565.0,1798.4761904761904,1367.7916666666667,1981.3333333333333,2064.294117647059,2586.133333333333,1606.388888888889,783.0,1286.4545454545455,3151.777777777778,167.0,165.0,166.0,104.5,130.5,132.5,76.0,77.5,126.5,66.0,44.0,75.0,1645.3465021830532,1646.038809541254,1674.7847055692578,0.7857142857142857,0.7857142857142857,0.7142857142857143,60.71953058006875,67.73546789513966,49.78442290806898,0.7857142857142857,0.7857142857142857,0.8333333333333334,0.14285714285714285,0.14285714285714285,0.0,0.07142857142857142,0.07142857142857142,0.08333333333333333,0.0,0.0,0.08333333333333333,0.8956349206349206
62,180,144,318,337,0.2832290410457639,0.3077949298837373,0.2862698747820041,0.4451908145521072,0.37950243736938727,0.38239369226147596,0.2006815436593079,0.08973674068987753,0.09258919151814274,992.5555555555555,1861.75,2415.1428571428573,635.375,3169.6190476190477,3675.7,1350.5217391304348,2483.7368421052633,3248.75,1756.75,4937.75,4064.3333333333335,194.0,470.0,291.0,89.0,265.0,261.5,36.5,126.5,203.5,32.0,77.0,193.0,1235.5270790702848,1264.132461301348,1237.5249949486758,0.7857142857142857,0.6428571428571429,0.14285714285714285,36.315888539312354,73.79681570084838,84.08648863160708,0.7857142857142857,0.6428571428571429,0.14285714285714285,0.14285714285714285,0.35714285714285715,0.42857142857142855,0.07142857142857142,0.0,0.35714285714285715,0.0,0.0,0.07142857142857142,0.8762509448223733
63,171,179,318,362,0.29688126746285654,0.2962285407189569,0.3652131892728327,0.35849491106608367,0.374743077053854,0.4100315061796181,0.19401771322796066,0.13218965745510558,0.10426433003253988,1283.888888888889,1915.5833333333333,2477.5714285714284,1243.0,1785.1666666666667,2494.722222222222,1945.4705882352941,2898.5555555555557,3122.85,2083.1,3257.375,3903.818181818182,261.0,427.0,274.0,126.0,315.0,208.0,84.5,128.0,290.5,76.0,81.0,204.0,1290.567729006206,1292.6789551631477,1259.916651678679,1.0,0.7857142857142857,0.2857142857142857,43.06675997101748,76.67824868987087,70.80013432326034,1.0,0.7857142857142857,0.2857142857142857,0.0,0.21428571428571427,0.35714285714285715,0.0,0.0,0.2857142857142857,0.0,0.0,0.07142857142857142,0.9422902494331067
64,52,106,73,69,0.15172101159685247,0.08633763804292963,0.0850006175610387,0.21075050442011467,0.154025163561216,0.13370350763749764,0.06744428364569517,0.12386967373682455,0.12248465801244865,1849.0,1536.5833333333333,1285.9,1334.6315789473683,1357.0454545454545,1613.2777777777778,2008.6666666666667,1840.5,1112.421052631579,1377.0,1590.625,1700.111111111111,88.0,98.0,98.0,99.5,85.5,85.0,90.5,88.5,77.5,88.0,78.0,81.0,622.0545267752923,621.9835924398665,611.6299857286953,0.14285714285714285,0.07142857142857142,0.21428571428571427,49.90362568598669,60.394120484197366,57.98277200788847,0.14285714285714285,0.07142857142857142,0.21428571428571427,0.5714285714285714,0.2857142857142857,0.07142857142857142,0.2857142857142857,0.42857142857142855,0.42857142857142855,0.0,0.21428571428571427,0.2857142857142857,0.4838473167044595
65,135,208,386,367,0.304720707589974,0.34531031069164625,0.29444585245225413,0.4187433873612974,0.38780584356414693,0.426141774366369,0.1213755318453334,0.08737155988166065,0.08129914746782511,1449.625,3710.875,3670.5714285714284,883.6470588235294,1700.5294117647059,4485.5,1540.4285714285713,2623.4736842105262,3932.8947368421054,1840.6,3652.25,2655.4,213.0,314.0,267.0,87.0,271.0,204.0,111.0,131.5,270.5,75.0,116.0,212.0,1835.104317797707,1827.448317340452,1809.9350594396112,0.8571428571428571,0.35714285714285715,0.21428571428571427,48.75659082918095,79.84536724722706,89.02922386565622,0.8571428571428571,0.35714285714285715,0.21428571428571427,0.07142857142857142,0.42857142857142855,0.2857142857142857,0.07142857142857142,0.14285714285714285,0.42857142857142855,0.0,0.07142857142857142,0.07142857142857142,0.8375056689342403
66,72,34,74,72,0.0663773296471557,0.15619394766531827,0.10854230977147798,0.2539186654675886,0.5342930589245587,0.2514066024119454,0.13878913946899843,0.21449439399590955,0.1517949126833318,186.75,848.3,1324.4444444444443,617.8888888888889,873.0555555555555,1045.3333333333333,597.7368421052631,1273.6666666666667,994.45,534.2727272727273,1205.6,1005.3333333333334,67.0,74.0,74.0,27.5,73.0,65.0,26.5,61.5,82.0,38.0,40.0,81.0,1343.923246082895,1309.994780844642,1308.486580777236,0.7857142857142857,0.07142857142857142,0.42857142857142855,36.587362605291155,33.84071127416636,47.38112864637554,0.7857142857142857,0.09090909090909091,0.42857142857142855,0.21428571428571427,0.5454545454545454,0.2857142857142857,0.0,0.36363636363636365,0.21428571428571427,0.0,0.0,0.07142857142857142,0.8075050875050875
67,61,41,57,75,0.15564378559969108,0.208463590714164,0.22127432852118706,0.418529935667462,0.39625271338785134,0.4137505407664367,0.2349044343688606,0.29576229089569195,0.2213185833868913,923.8333333333334,906.6666666666666,794.6666666666666,711.5,679.952380952381,596.1578947368421,830.5714285714286,725.7619047619048,777.3333333333334,348.44444444444446,890.25,1093.3076923076924,56.0,70.0,65.0,44.0,49.0,63.0,43.0,46.0,70.0,52.0,37.0,40.0,1317.1410014899352,1313.558154015131,1270.719475220453,0.42857142857142855,0.21428571428571427,0.21428571428571427,18.815858386428513,19.530645891114546,24.210412897625897,0.42857142857142855,0.21428571428571427,0.21428571428571427,0.35714285714285715,0.5714285714285714,0.35714285714285715,0.07142857142857142,0.21428571428571427,0.35714285714285715,0.14285714285714285,0.0,0.07142857142857142,0.7189342403628118
68,17,103,121,135,0.16429049875248047,0.12373134153251876,0.1290456429446489,0.4242491094872549,0.37217978503753435,0.378873228217232,0.1773396305029081,0.12274558109254068,0.17326145968574283,682.9,1003.1428571428571,1802.0,883.2142857142857,1342.7,1144.388888888889,1171.4285714285713,1477.3,1728.2173913043478,659.7272727272727,1404.888888888889,1486.9,118.0,140.0,146.0,45.0,126.0,80.5,53.0,73.5,91.0,40.0,52.0,64.0,2404.98958966559,2518.634826485743,2537.1961343035905,0.8571428571428571,0.7142857142857143,0.5714285714285714,44.78130453683207,69.85180178124594,74.72439148521441,0.8571428571428571,0.7142857142857143,0.5714285714285714,0.07142857142857142,0.2857142857142857,0.21428571428571427,0.07142857142857142,0.0,0.21428571428571427,0.0,0.0,0.0,0.9337792894935752
69,12,189,192,202,0.3461166819423079,0.49502762308136417,0.6956199329748572,0.12102912906288457,0.24812486126292316,0.24594985758909543,0.03398169920699188,0.03612670340945873,0.02741500141788534,1483.7142857142858,1584.4,1809.875,2526.3684210526317,1621.8947368421052,1560.5238095238096,1134.842105263158,3105.0526315789475,1804.25,1982.7272727272727,1388.0,732.2857142857143,88.0,120.0,78.0,66.0,94.0,84.0,98.5,98.5,79.5,102.0,119.0,98.0,1553.9361985477462,1668.079651353388,1725.1032022555992,0.0,0.0,0.0,39.00418761742964,27.704081701379305,20.742032746052637,0.0,0.0,0.0,0.0,0.0,0.0,0.2857142857142857,0.0,0.0,0.7142857142857143,1.0,1.0,0.012093726379440664
70,170,169,452,408,0.2831269299740703,0.3621160035343667,0.3281151565839066,0.2762347158325713,0.31910511441545175,0.2987938854832958,0.15865830045126836,0.06168309640735625,0.04801900980300261,1136.2142857142858,3768.1666666666665,5301.428571428572,1993.142857142857,3586.55,3780.0,1600.2777777777778,5360.333333333333,5065.809523809524,2273.2,2449.222222222222,4424.25,214.0,395.0,337.0,102.0,422.0,299.0,84.5,110.0,269.5,84.0,116.0,209.0,2013.3889699452732,2085.7900579251336,2087.278710059005,1.0,0.2857142857142857,0.2857142857142857,42.63610166837225,89.15848504511125,88.81899100995854,1.0,0.2857142857142857,0.2857142857142857,0.0,0.7142857142857143,0.5714285714285714,0.0,0.0,0.14285714285714285,0.0,0.0,0.0,0.9425850340136054
71,95,210,315,363,0.2376239229272641,0.2933479660839451,0.2869015157494471,0.41462658848831274,0.44203906561651396,0.3744776106602391,0.06966680803231332,0.06928040821856829,0.030583859651351533,1472.0,1457.6,3788.0,1409.0434782608695,2562.4375,2711.7368421052633,2211.1875,2926.2272727272725,3486.315789473684,2133.0,3509.125,3374.1111111111113,252.0,343.0,283.0,129.0,203.0,216.5,107.0,149.5,239.5,74.0,95.0,182.0,1912.4634609348063,1843.945786085645,1883.453656147554,0.7857142857142857,0.35714285714285715,0.2857142857142857,63.1249573494814,76.7007192869418,90.3744665162906,0.7857142857142857,0.35714285714285715,0.2857142857142857,0.21428571428571427,0.42857142857142855,0.21428571428571427,0.0,0.14285714285714285,0.42857142857142855,0.0,0.07142857142857142,0.07142857142857142,0.8234240362811791
72,123,166,162,228,0.27885105123639586,0.2445951527765726,0.2775867960781783,0.4908971177943566,0.48606341319882246,0.4388379399087503,0.11755755582906899,0.11371107864853094,0.08779169420351474,667.75,1051.625,1444.8181818181818,1161.2105263157894,1298.4736842105262,2508.3529411764707,875.5238095238095,1739.6818181818182,2109.35,1634.875,1599.0,2940.25,257.0,197.0,329.0,54.5,146.5,136.0,39.0,54.0,124.5,39.0,28.0,58.0,2553.5862934156144,2578.9931858390946,2559.312066544763,1.0,0.9285714285714286,0.9285714285714286,42.52142068164903,47.30849503791511,58.668908304729484,1.0,0.9285714285714286,0.9285714285714286,0.0,0.07142857142857142,0.0,0.0,0.0,0.07142857142857142,0.0,0.0,0.0,0.9947089947089948
73,15,155,215,301,0.315675257952534,0.292233931309168,0.3297203777025226,0.47689570372531165,0.43813206132216703,0.449724354771257,0.18727078270484776,0.19304293888489896,0.10542836462451591,698.6666666666666,1509.142857142857,2131.6363636363635,1525.6315789473683,1351.2222222222222,1858.5,1291.5833333333333,1881.8,2110.9375,763.0,2258.0,2161.2727272727275,146.0,222.0,228.0,82.5,173.0,149.5,46.0,105.5,181.0,64.0,100.0,100.0,1844.4663818027304,1796.834284930168,1808.0675450271644,0.8571428571428571,0.5,0.5714285714285714,35.072208836504096,52.55085468119653,65.206767473127,0.8571428571428571,0.5,0.5714285714285714,0.07142857142857142,0.35714285714285715,0.07142857142857142,0.07142857142857142,0.14285714285714285,0.2857142857142857,0.0,0.0,0.07142857142857142,0.8802947845804988
74,166,128,256,275,0.1763249864659516,0.23520849850199868,0.23268454274905792,0.2663058311218575,0.2889968232199772,0.26739261527111735,0.09714955738691226,0.12628399411564145,0.07427290604549928,936.375,2437.5,1551.3,1050.2941176470588,1682.7272727272727,2082.75,892.9565217391304,2478.3684210526317,3121.294117647059,1896.5,2709.4285714285716,3079.3846153846152,192.0,201.0,204.0,86.0,207.5,181.0,43.0,115.0,178.0,49.0,99.0,67.0,2490.375985940343,2480.268384521175,2503.8592759549106,1.0,0.6428571428571429,0.42857142857142855,51.852305938629016,77.74257478863547,84.41840145798285,1.0,0.6428571428571429,0.42857142857142855,0.0,0.2857142857142857,0.14285714285714285,0.0,0.07142857142857142,0.42857142857142855,0.0,0.0,0.0,0.9484202569916856
75,150,202,232,314,0.4517928769219674,0.30067809458238426,0.316094663920129,0.5269425831822551,0.3259285743959558,0.41545610217779944,0.1175645583293381,0.04528186183885312,0.053508585242071784,1650.5555555555557,800.7,3128.6666666666665,1646.0555555555557,2333.875,2823.1111111111113,1099.2631578947369,1563.35,1679.904761904762,1421.4,1662.8,2429.25,135.0,212.0,297.0,109.0,120.5,157.0,115.0,126.0,222.5,110.0,134.0,125.0,1015.0479072411309,1002.1828640037595,996.3007504606879,0.8571428571428571,0.7142857142857143,0.9285714285714286,31.936252574127007,55.11352130405391,70.9552358474444,0.9230769230769231,0.7142857142857143,0.9285714285714286,0.0,0.21428571428571427,0.0,0.07692307692307693,0.07142857142857142,0.07142857142857142,0.0,0.0,0.0,0.9469608981804103
76,106,148,294,290,0.26046883907233326,0.2539642325158915,0.2190567252460631,0.28567799887552314,0.36999651676236983,0.3494770565134243,0.16747266390056864,0.09073088162610256,0.10814528378190899,1041.6,1606.5454545454545,3208.9,1439.5555555555557,1857.2222222222222,2379.375,1569.8333333333333,2840.35,3091.9,2615.9,2309.4285714285716,2398.9,200.0,284.0,252.0,109.0,271.5,210.5,91.0,111.0,196.5,54.0,111.0,137.0,2922.289596033706,2950.211878724939,2861.251761535088,0.9285714285714286,0.42857142857142855,0.42857142857142855,40.586154601368044,82.68880933336133,94.56128631073832,0.9285714285714286,0.42857142857142855,0.42857142857142855,0.07142857142857142,0.5714285714285714,0.2857142857142857,0.0,0.0,0.2857142857142857,0.0,0.0,0.0,0.938034769463341
77,120,210,388,417,0.2907993947372452,0.4435512083324605,0.3782408971966871,0.3980115925407772,0.4796343277649496,0.3979212155335612,0.26269017133833406,0.2130188973213162,0.18199373701734983,1549.4444444444443,2314.8571428571427,2710.125,1927.578947368421,3260.2380952380954,2877.0833333333335,1364.611111111111,2581.4210526315787,3288.6875,2042.2,2402.777777777778,2481.0,252.0,223.0,232.0,104.5,272.0,169.5,99.5,133.0,181.5,62.0,116.0,157.0,1502.9298622797523,1540.9858171749352,1543.8335104238515,0.9285714285714286,0.42857142857142855,0.35714285714285715,51.58195055238476,62.48271945527579,78.74800029946411,0.9285714285714286,0.5,0.35714285714285715,0.0,0.4166666666666667,0.21428571428571427,0.07142857142857142,0.0,0.42857142857142855,0.0,0.08333333333333333,0.0,0.9090396825396827
78,148,153,164,229,0.25159755504774106,0.23939634172865537,0.27395387109639885,0.3905534047149905,0.372770758481128,0.329589236726133,0.08663178035964114,0.08510102028316391,0.052094302492418275,698.6666666666666,1132.7272727272727,1734.0,1245.9411764705883,2032.1764705882354,2330.4375,1992.2857142857142,2881.9473684210525,4364.45,2130.3333333333335,2759.6666666666665,2371.818181818182,360.0,390.0,310.0,64.0,145.5,176.5,48.5,60.0,198.5,36.0,42.0,60.0,1666.0497510967605,1645.5425310881135,1688.0085245329972,1.0,1.0,0.8571428571428571,43.436715537628,48.93260118219899,59.70765367059591,1.0,1.0,0.8571428571428571,0.0,0.0,0.07142857142857142,0.0,0.0,0.07142857142857142,0.0,0.0,0.0,0.99442932728647
79,133,78,140,197,0.17491826103991295,0.1943345755034007,0.23189314389891413,0.2703742956479249,0.29365203652263505,0.3083366599290633,0.19029088513515147,0.10790843736059544,0.07935100874806954,597.8,1303.875,1874.8333333333333,1163.2222222222222,1770.6,2542.470588235294,1920.0,2683.75,2971.9333333333334,1501.5,1754.875,3556.5,212.0,305.0,377.0,97.5,206.5,192.5,85.5,102.5,236.0,68.0,92.0,150.0,1242.5535622711504,1232.4702683880564,1268.7758433952035,0.9285714285714286,0.7142857142857143,0.8571428571428571,31.8516119375168,51.45764707127481,60.6806580601733,0.9285714285714286,0.7142857142857143,0.9230769230769231,0.07142857142857142,0.2857142857142857,0.0,0.0,0.0,0.07692307692307693,0.0,0.0,0.0,0.9659310878823075
80,165,208,198,174,0.3236181202917708,0.1507451322772923,0.12989279310786292,0.45591880894989784,0.1994632182087263,0.17997915552613278,0.06610366863863684,0.01828203465340717,0.019465256208548998,6476.6,2121.4545454545455,2726.6363636363635,2972.235294117647,1994.25,1635.3529411764705,2941.5416666666665,2295.5882352941176,2237.5555555555557,1814.2,2747.125,1447.9,296.0,264.0,208.0,218.5,226.5,157.5,255.5,160.5,176.0,268.0,201.0,185.0,1892.911740042398,1963.5830827097088,1807.1626066214444,0.9285714285714286,0.35714285714285715,0.35714285714285715,45.909489999348025,93.8196605701448,95.68330260055882,0.9285714285714286,0.35714285714285715,0.35714285714285715,0.07142857142857142,0.6428571428571429,0.2857142857142857,0.0,0.0,0.35714285714285715,0.0,0.0,0.0,0.9319879062736205
81,90,242,221,305,0.2857297786816979,0.25829369406290165,0.28947855594394234,0.5032043806038493,0.5056034780045221,0.5065324245207689,0.1587122657436,0.22514093874259275,0.1256403370498074,1441.0,1257.076923076923,2837.0,2240.5238095238096,1221.5,3212.5789473684213,1018.25,1128.5625,3970.0526315789475,862.3333333333334,1940.6666666666667,2897.0,319.0,325.0,315.0,97.5,137.5,168.5,68.0,58.0,228.5,50.0,47.0,115.0,1915.5989089581522,1901.0917754889147,1875.569060582042,0.9285714285714286,0.9285714285714286,0.8571428571428571,60.49671954203456,61.11536846838401,75.25847368788553,0.9285714285714286,0.9285714285714286,0.9230769230769231,0.07142857142857142,0.07142857142857142,0.0,0.0,0.0,0.07692307692307693,0.0,0.0,0.0,0.9748354626403407
82,104,199,257,215,0.316845156665783,0.3053627911130016,0.32068851795978764,0.38284448045528063,0.39249931114826647,0.40404814216080465,0.09594517156120644,0.06923774538418999,0.0874539962093873,808.75,1839.2222222222222,1345.7777777777778,2351.35,1683.5882352941176,1925.6363636363637,1668.388888888889,3248.0,1487.2777777777778,1675.5,2000.5555555555557,2102.285714285714,165.0,220.0,165.0,117.5,199.0,120.0,71.5,80.0,99.5,71.0,86.0,89.0,1519.2702165299017,1520.191063207911,1511.7757690771255,0.7857142857142857,0.5,0.42857142857142855,44.861931499490574,60.11584708874917,47.888034641354224,0.7857142857142857,0.5,0.42857142857142855,0.21428571428571427,0.35714285714285715,0.21428571428571427,0.0,0.07142857142857142,0.35714285714285715,0.0,0.07142857142857142,0.0,0.8717989417989419
83,175,377,312,346,0.2887567387155616,0.2347875222713553,0.23456592513517716,0.4242219458228571,0.38437050220561375,0.4140407208649789,0.13703154007990373,0.14635088888247813,0.1401558520130676,1617.8181818181818,2042.5,2409.8571428571427,2114.7368421052633,2829.6470588235293,2407.0,1925.0,3034.5714285714284,2829.8947368421054,4115.8,2179.5833333333335,3798.5,535.0,322.0,236.0,156.0,263.5,225.5,114.5,136.5,297.5,132.0,116.0,214.0,1266.7188631866015,1294.2570062303082,1289.8815081552518,0.8571428571428571,0.5,0.07142857142857142,93.2569454425695,94.91864844485904,105.36178986800067,0.8571428571428571,0.5,0.07142857142857142,0.14285714285714285,0.35714285714285715,0.21428571428571427,0.0,0.14285714285714285,0.6428571428571429,0.0,0.0,0.07142857142857142,0.8631065759637189
84,112,78,107,110,0.12480521646255935,0.12815758099926003,0.1206230859467577,0.3539443937540629,0.3166162981946765,0.29218091479479674,0.17789063526484566,0.13460378755008262,0.11653615648017983,581.8571428571429,1013.2,1713.0,753.6666666666666,1393.9473684210527,2534.0555555555557,2247.4761904761904,3632.3529411764707,2177.277777777778,1853.9,1462.9,2086.9,299.0,327.0,312.0,60.5,161.0,165.0,42.5,81.5,158.0,41.0,43.0,65.0,1330.2720335282781,1321.8979040526842,1332.6930053515284,1.0,0.9285714285714286,0.9285714285714286,44.64099121289501,59.63640296005019,65.13796919945285,1.0,0.9285714285714286,0.9285714285714286,0.0,0.07142857142857142,0.07142857142857142,0.0,0.0,0.0,0.0,0.0,0.0,0.99442932728647
85,89,128,187,185,0.27403418210858654,0.25499401501942554,0.22037171304966482,0.3576659890608508,0.33378716566042804,0.2928978306119829,0.04411522153538698,0.06566300427403966,0.03311889047524233,430.2,1000.4444444444445,2458.1666666666665,977.0526315789474,2760.0625,2256.5416666666665,1040.4444444444443,2415.1363636363635,1969.6153846153845,953.5555555555555,1495.111111111111,2737.714285714286,144.0,311.0,420.0,84.0,203.5,180.5,62.0,98.5,231.5,67.0,94.0,96.0,1416.0517016653703,1395.4115245906432,1364.4260586470461,1.0,0.7142857142857143,0.8571428571428571,33.36392953793724,52.382181817582286,59.96362024606866,1.0,0.7142857142857143,0.8571428571428571,0.0,0.21428571428571427,0.0,0.0,0.07142857142857142,0.14285714285714285,0.0,0.0,0.0,0.9652305366591082
86,30,179,445,344,0.32328502688266497,0.3101188821822909,0.25508965474983186,0.23796848283288727,0.26282470730494484,0.27339382055752043,0.06901683808544223,0.03079724413797708,0.06148995450920221,1144.0,3729.181818181818,2662.8,1241.888888888889,2093.2631578947367,3471.9375,1685.5,3503.6470588235293,3536.3684210526317,1074.8333333333333,4925.777777777777,4499.727272727273,286.0,521.0,400.0,92.0,454.0,271.0,63.0,123.5,264.0,46.0,70.0,141.0,2114.7294608981265,2145.250060724342,2119.394513141076,1.0,0.7142857142857143,0.9285714285714286,39.54935497323485,102.4952562128427,96.32467688870383,1.0,0.7142857142857143,1.0,0.0,0.2857142857142857,0.0,0.0,0.0,0.0,0.0,0.0,0.0,0.9883855981416958
87,98,228,255,270,0.23630616702301938,0.24343828297923178,0.2659252398680288,0.35686687871871536,0.3541225103003891,0.39071312094684085,0.06553454055716026,0.020205377487276237,0.011813975008211132,4084.2727272727275,4125.25,1843.111111111111,4002.722222222222,3587.0,3280.470588235294,2852.5238095238096,4041.25,2175.45,1922.6666666666667,4219.333333333333,3651.0,160.0,185.0,163.0,133.5,172.5,128.0,133.0,118.0,134.5,92.0,112.0,118.0,1579.324570729352,1589.677468347763,1595.0623712329468,0.35714285714285715,0.42857142857142855,0.2857142857142857,68.91785555527986,74.82095868972101,72.52306811976645,0.35714285714285715,0.42857142857142855,0.2857142857142857,0.35714285714285715,0.42857142857142855,0.2857142857142857,0.2857142857142857,0.0,0.35714285714285715,0.0,0.14285714285714285,0.07142857142857142,0.720347694633409
88,152,278,333,313,0.29094424277652203,0.3789819703760654,0.33466615613783773,0.45009597638540144,0.5332310465711094,0.5434764531489259,0.14883891142067854,0.13760118351438008,0.1398327153345253,1460.125,2230.2,1566.25,2138.3529411764707,2891.5555555555557,2701.1875,3118.1052631578946,2492.7619047619046,3503.55,1448.25,2617.0,3781.4166666666665,415.0,385.0,428.0,132.0,204.0,192.0,80.0,112.0,222.0,79.0,75.0,108.0,1728.339397743959,1770.4422122201838,1747.1731441777595,0.9285714285714286,0.9285714285714286,0.8571428571428571,68.25068153142793,62.762126288254876,66.80431363347869,0.9285714285714286,0.9285714285714286,0.8571428571428571,0.07142857142857142,0.07142857142857142,0.07142857142857142,0.0,0.0,0.07142857142857142,0.0,0.0,0.0,0.974777021919879
89,168,72,73,111,0.0993533178076534,0.09095187688329442,0.13834732892572194,0.3636331431760114,0.4152202362946728,0.38402850402348354,0.09509492421384202,0.06676366129682486,0.08336485984257512,814.5555555555555,1404.8333333333333,1896.1818181818182,1764.4736842105262,1829.75,2127.9,1764.3333333333333,1804.45,2332.235294117647,1140.5714285714287,2111.625,1110.25,163.0,269.0,188.0,101.5,147.0,153.5,89.5,75.0,131.5,83.0,74.0,142.0,830.9119521896616,835.845241419147,827.94540321803,0.6428571428571429,0.5,0.21428571428571427,51.76331557254726,57.33016066261572,57.309176043639,0.6428571428571429,0.5,0.21428571428571427,0.2857142857142857,0.42857142857142855,0.2857142857142857,0.07142857142857142,0.07142857142857142,0.35714285714285715,0.0,0.0,0.14285714285714285,0.8095389266817837
90,110,151,304,258,0.2313194697122429,0.25970109448901935,0.2099482418717519,0.20709986165826566,0.22348133460696196,0.23366913819175797,0.048583216307642854,0.018569482535880963,0.016646942573528792,1038.5555555555557,1766.8,1596.7142857142858,1142.25,2535.9285714285716,2565.4545454545455,1135.5,1821.952380952381,1822.3157894736842,1033.6666666666667,2853.0,1494.875,243.0,492.0,228.0,102.0,317.0,210.0,107.5,125.5,238.5,70.0,80.0,126.0,2349.2763295793275,2326.0122897858923,2398.8402929484982,1.0,0.6428571428571429,0.21428571428571427,46.62691946826401,83.6126076288209,87.77673613398785,1.0,0.6428571428571429,0.21428571428571427,0.0,0.35714285714285715,0.21428571428571427,0.0,0.0,0.5714285714285714,0.0,0.0,0.0,0.9515419501133786
91,60,194,216,246,0.22231493033903163,0.205131631766451,0.19185778637769768,0.40289424334328217,0.3947720266006134,0.37737334706912123,0.1408227569307865,0.1319680164364168,0.14635707452785515,2333.875,1898.888888888889,1728.4166666666667,1582.5,3123.95,2402.6,1629.0,1991.7777777777778,3072.714285714286,1522.0,2353.5555555555557,2773.5,249.0,285.0,372.0,138.5,214.0,186.0,87.5,152.0,191.0,74.0,109.0,90.0,1524.1149964308988,1535.7969564605385,1521.6140603004571,0.9285714285714286,0.5,0.6428571428571429,62.33113914576331,75.21302929105228,91.58569429565328,0.9285714285714286,0.5384615384615384,0.6428571428571429,0.07142857142857142,0.46153846153846156,0.14285714285714285,0.0,0.0,0.21428571428571427,0.0,0.0,0.0,0.948323654665118
92,100,427,547,539,0.44824908861323726,0.42544029413978307,0.498377290482275,0.46365437052283737,0.4641989160371648,0.46328098841393417,0.05913318773204603,0.06025774549996288,0.045096210039705965,1475.111111111111,4236.0,3789.7,1746.25,3029.75,3592.6111111111113,2940.5,4159.235294117647,3154.4444444444443,3663.3333333333335,5748.8,5414.7,416.0,422.0,419.0,149.5,349.0,291.5,104.5,243.5,252.5,92.0,170.0,112.0,1798.9013769939559,1777.4061905308995,1742.8534965852355,1.0,0.5,0.5714285714285714,68.04252540559277,91.8376305902779,77.25071092774695,1.0,0.5384615384615384,0.6153846153846154,0.0,0.38461538461538464,0.23076923076923078,0.0,0.0,0.15384615384615385,0.0,0.07692307692307693,0.0,0.9447539682539683
93,122,342,453,433,0.37380572223259195,0.4057664672883981,0.36229762554437506,0.4058907133908894,0.3925839836259625,0.40589382757985804,0.1078156258844074,0.10584055527872938,0.04939212732912241,1157.8333333333333,2702.222222222222,3969.4,2442.909090909091,3746.0,2684.7619047619046,3490.0,3151.1111111111113,3293.15,1382.111111111111,2983.5555555555557,4695.0,269.0,247.0,282.0,130.5,218.5,220.5,135.0,225.5,233.0,108.0,153.0,140.0,1501.3393137146945,1569.2770676293846,1583.3168855504305,0.7857142857142857,0.42857142857142855,0.2857142857142857,65.35098307931015,79.743264822682,85.36785572938629,0.7857142857142857,0.42857142857142855,0.2857142857142857,0.0,0.35714285714285715,0.2857142857142857,0.21428571428571427,0.21428571428571427,0.42857142857142855,0.0,0.0,0.0,0.8499773242630385
94,51,254,309,391,0.2465671390176803,0.2910989596148621,0.3692337500874219,0.4726837665484099,0.4752760466750058,0.5870693863250592,0.1645204674043955,0.1025233578542596,0.09322066208089498,2049.4444444444443,3112.8888888888887,4496.0,2048.5,3010.2105263157896,4261.142857142857,3253.842105263158,3184.6111111111113,2795.4444444444443,2267.1,3523.7,5204.428571428572,404.0,359.0,398.0,136.5,257.5,259.0,98.5,190.5,289.5,61.0,110.0,179.0,820.3849961967225,807.5552266204486,796.7892162034493,0.9285714285714286,0.5,0.35714285714285715,73.58181311239612,75.82104931130682,75.63927030494612,0.9285714285714286,0.5384615384615384,0.45454545454545453,0.07142857142857142,0.3076923076923077,0.18181818181818182,0.0,0.15384615384615385,0.2727272727272727,0.0,0.0,0.09090909090909091,0.8878529657477024
95,94,200,236,266,0.20987589584552313,0.18174446621187307,0.18641428977428876,0.5181563029761368,0.48717682313231114,0.45459717542182737,0.17519390405705046,0.10725695879713912,0.16968185525304472,502.0,1594.4,3196.2727272727275,2678.1176470588234,2650.777777777778,3244.6428571428573,1247.55,2384.5789473684213,4460.238095238095,1797.5833333333333,2611.777777777778,3965.4,184.0,303.0,274.0,92.0,188.5,218.5,110.0,123.0,233.0,91.0,100.0,197.0,1303.1962463364976,1300.8795675449471,1300.34125826252,0.6428571428571429,0.42857142857142855,0.2857142857142857,68.0674368448158,92.75189065449305,101.92351682376541,0.6428571428571429,0.42857142857142855,0.2857142857142857,0.14285714285714285,0.42857142857142855,0.2857142857142857,0.14285714285714285,0.14285714285714285,0.35714285714285715,0.07142857142857142,0.0,0.07142857142857142,0.8031141345427061
96,9,92,71,121,0.15110902411792396,0.12662660462128378,0.18003282083572766,0.4401871572130829,0.4319554508826804,0.44621952975138895,0.13352781765968202,0.1855418617629667,0.08496061268893984,1267.0,712.6666666666666,1274.125,1332.2941176470588,794.578947368421,1043.85,935.8,991.5263157894736,1513.0,779.5,1096.2222222222222,1013.5833333333334,81.0,67.0,123.0,55.5,66.0,85.0,68.5,67.5,68.5,94.0,57.0,97.0,2426.218350719844,2560.000053964407,2605.242639180294,0.5333333333333333,0.2,0.4,40.58879586534119,37.38024365013844,44.80664486186749,0.5333333333333333,0.2,0.4,0.06666666666666667,0.4,0.26666666666666666,0.2,0.26666666666666666,0.06666666666666667,0.2,0.13333333333333333,0.26666666666666666,0.6356402116402117
97,80,84,140,104,0.08719304204223932,0.10971538260174674,0.07583460091926149,0.14161603245027035,0.1671748958328901,0.15191493511265558,0.09798006695775065,0.10520608037681495,0.09207414319880834,411.3333333333333,392.0,1633.3,1219.8636363636363,1552.4705882352941,1249.4736842105262,1213.3529411764705,1403.0,1177.764705882353,678.625,1909.7,1745.3,107.0,171.0,143.0,95.0,149.5,88.5,75.0,88.5,145.0,50.0,27.0,76.0,1994.4962172671173,1941.6620002091809,1922.7479085373416,0.6428571428571429,0.5,0.42857142857142855,68.81283023814437,91.14492209628217,97.95754627205562,0.6428571428571429,0.5,0.42857142857142855,0.21428571428571427,0.2857142857142857,0.14285714285714285,0.07142857142857142,0.21428571428571427,0.42857142857142855,0.07142857142857142,0.0,0.0,0.8240816326530613
98,124,145,269,248,0.19543557669598977,0.24735045419650373,0.27538624765090525,0.407324133286655,0.3787671068482142,0.4384770902516462,0.22111176797915255,0.1703858431678734,0.09268523918921677,1622.4,3995.6,1936.0,1210.3125,2640.25,3380.875,2407.0,3917.0,1954.3809523809523,2421.7272727272725,4335.428571428572,3021.9,302.0,326.0,258.0,111.5,281.5,231.5,91.0,166.0,195.5,90.0,91.0,124.0,1196.1617677528552,1246.87700307685,1264.739119952117,0.8571428571428571,0.5,0.5,52.995176375967276,77.68041411810476,64.32523724547536,0.8571428571428571,0.5,0.5384615384615384,0.07142857142857142,0.42857142857142855,0.15384615384615385,0.07142857142857142,0.07142857142857142,0.3076923076923077,0.0,0.0,0.0,0.9057375145180023
99,178,100,182,206,0.16505412824545693,0.20123016066481644,0.22521700883931484,0.421584555447111,0.3998476462216606,0.3749513345510376,0.14757489606426305,0.11296198804748518,0.12312701336161395,483.1818181818182,1937.6666666666667,2997.5,1121.2631578947369,2791.5625,2145.0625,1107.5,3504.0,1874.235294117647,2102.4,2844.4,2959.3846153846152,168.0,266.0,224.0,84.5,195.0,155.5,58.0,105.5,163.5,41.0,108.0,105.0,1635.1340038516432,1680.5319563293451,1663.7135230970705,0.9285714285714286,0.7857142857142857,0.5714285714285714,43.27584664974139,64.60264185572929,65.33381199811551,0.9285714285714286,0.7857142857142857,0.5714285714285714,0.07142857142857142,0.14285714285714285,0.07142857142857142,0.0,0.0,0.2857142857142857,0.0,0.07142857142857142,0.07142857142857142,0.9143083900226758
100,42,538,487,514,0.44968833740797026,0.3827899226014714,0.4021458826658723,0.4052368960107709,0.4472699811449808,0.4272682645577033,0.13788965675437814,0.12652189462313848,0.117236478186902,2879.0,2563.4285714285716,1967.142857142857,3480.5,4351.285714285715,4572.761904761905,4193.6,2974.3333333333335,2282.8333333333335,5058.272727272727,3352.0,5059.4,509.0,417.0,263.0,241.0,206.5,230.5,171.5,195.0,312.0,137.0,164.0,152.0,1578.3236708533611,1578.8148283261382,1646.9743146843018,0.7142857142857143,0.7142857142857143,0.35714285714285715,85.45601082313131,90.87416421338301,91.29593835675352,0.7142857142857143,0.7142857142857143,0.35714285714285715,0.14285714285714285,0.14285714285714285,0.2857142857142857,0.14285714285714285,0.14285714285714285,0.35714285714285715,0.0,0.0,0.0,0.8564021164021165
101,149,388,415,368,0.4961420438970559,0.46279003649266676,0.42349265070678205,0.36322968223018015,0.3679214244818134,0.34818691136724295,0.05918795563366759,0.07193987480524922,0.13467641690098914,1975.1,2439.5,4624.0,3242.277777777778,3424.777777777778,2265.1666666666665,3820.8888888888887,3184.8333333333335,2840.45,2531.2,3499.9,3227.818181818182,267.0,197.0,174.0,142.0,188.0,176.0,130.5,149.5,151.0,167.0,188.0,155.0,2126.680380910296,2156.7271455825908,2125.100876625167,0.7142857142857143,0.5714285714285714,0.21428571428571427,55.85957903627319,64.05249639233936,62.06887945244177,0.7142857142857143,0.5714285714285714,0.21428571428571427,0.21428571428571427,0.35714285714285715,0.42857142857142855,0.0,0.07142857142857142,0.35714285714285715,0.07142857142857142,0.0,0.0,0.8660468631897205
102,163,82,124,130,0.09769572189682385,0.12136699507526395,0.10289062072740951,0.4167675667893653,0.39117854908673677,0.3836419257757856,0.17961120188482538,0.12082182236351457,0.10920098164325287,755.6666666666666,1271.375,3877.5,1542.8095238095239,2836.0526315789475,2626.0555555555557,2029.2222222222222,3472.705882352941,2724.4210526315787,2593.909090909091,2817.9166666666665,4381.888888888889,193.0,237.0,236.0,107.5,175.0,213.0,91.5,107.5,184.5,88.0,91.0,121.0,1366.655926318835,1352.111047006383,1362.2766347133577,0.9285714285714286,0.6428571428571429,0.2857142857142857,59.952910357001784,72.97818366229,90.24840379100387,0.9285714285714286,0.6428571428571429,0.2857142857142857,0.0,0.35714285714285715,0.42857142857142855,0.07142857142857142,0.0,0.2857142857142857,0.0,0.0,0.0,0.9374754346182919
103,38,141,170,213,0.218190158866831,0.21389047048026652,0.24153455409127153,0.2563904585958139,0.2791899729386538,0.3036089344927283,0.030582213543866532,0.016565187849077585,0.027513393830593993,2404.714285714286,2396.6,2175.625,2499.45,1685.421052631579,3000.6190476190477,2704.25,3277.1052631578946,2627.2105263157896,2089.222222222222,2142.125,3004.75,96.0,278.0,313.0,192.5,288.0,227.5,174.5,165.5,222.0,243.0,142.0,129.0,1140.1275247676174,1091.697567199196,1151.139593198293,0.21428571428571427,0.42857142857142855,0.35714285714285715,46.15894971493885,56.77137983563153,62.990099994291135,0.21428571428571427,0.42857142857142855,0.35714285714285715,0.35714285714285715,0.42857142857142855,0.2857142857142857,0.2857142857142857,0.07142857142857142,0.2857142857142857,0.14285714285714285,0.07142857142857142,0.07142857142857142,0.6749962207105065
104,154,176,271,296,0.24472900976977105,0.2762950491697425,0.2502351508998974,0.3993309996688746,0.3923807709170342,0.3665758975098368,0.07085182933982338,0.03562065102543345,0.043721829507570587,890.5454545454545,1694.7777777777778,2604.5,2019.65,3138.3333333333335,5316.117647058823,2666.0666666666666,3632.5263157894738,3419.1,2097.0,3450.5714285714284,3367.222222222222,243.0,362.0,420.0,113.0,237.5,224.0,108.0,103.5,234.5,136.0,76.0,119.0,841.924305212135,852.2049009372475,847.3963477245101,1.0,0.9285714285714286,0.9285714285714286,51.36877145564046,70.05968045866341,84.4919551342929,1.0,0.9285714285714286,0.9285714285714286,0.0,0.07142857142857142,0.07142857142857142,0.0,0.0,0.0,0.0,0.0,0.0,0.9936734693877552
105,177,481,500,546,0.4168856030043727,0.4442880009590164,0.4864288679679789,0.24373073773154819,0.23591070847722426,0.2568059336354903,0.060487414207224886,0.05920315327979276,0.03382284244030095,5172.4,5357.444444444444,2793.5555555555557,4641.4,3814.315789473684,3655.0,3533.5,3790.4117647058824,4670.0,4580.5,4582.545454545455,3466.625,350.0,256.0,248.0,235.5,303.0,225.5,276.5,197.5,259.0,182.0,254.0,244.0,1536.1438673630935,1561.2159698576393,1629.9468584284857,0.42857142857142855,0.14285714285714285,0.35714285714285715,82.41383873547316,80.38543835799022,80.17616257628717,0.42857142857142855,0.14285714285714285,0.35714285714285715,0.14285714285714285,0.5714285714285714,0.2857142857142857,0.2857142857142857,0.21428571428571427,0.21428571428571427,0.14285714285714285,0.07142857142857142,0.14285714285714285,0.6697052154195011
106,62,315,356,379,0.23427213836963431,0.26032502823477777,0.29221944831983415,0.333492710598305,0.2759372174280713,0.33357428296385166,0.007333089791506648,0.040838854429370415,0.020772253712888267,2512.090909090909,4560.0,2714.9,4476.826086956522,5174.823529411765,2699.15,4291.8125,4862.181818181818,2406.8823529411766,4631.333333333333,4361.545454545455,3095.6666666666665,290.0,315.0,250.0,234.5,314.5,220.5,267.0,323.0,195.5,254.0,352.0,221.0,752.3862151978311,700.5419191628614,766.2466438217855,0.42857142857142855,0.21428571428571427,0.0,96.04215062270669,97.68008708574236,92.64074902297021,0.42857142857142855,0.21428571428571427,0.0,0.42857142857142855,0.42857142857142855,0.5714285714285714,0.14285714285714285,0.35714285714285715,0.21428571428571427,0.0,0.0,0.21428571428571427,0.6697203325774754
107,22,113,107,96,0.11440135334170569,0.11399654879408117,0.08547518554312501,0.30403323912118846,0.2867503280792125,0.22642732796980247,0.17306292517071856,0.08757065723998407,0.08185495528876724,1892.0,1931.25,1981.111111111111,1920.4705882352941,2736.125,1959.1818181818182,2464.5,1592.2916666666667,1390.5333333333333,2481.090909090909,1295.75,1869.8,122.0,126.0,83.0,136.0,127.0,141.0,144.0,165.5,132.5,133.0,133.0,174.0,2091.934811015843,2085.5263932008584,2059.482446909264,0.7142857142857143,0.7142857142857143,0.5714285714285714,70.55361091157725,67.04463620791623,80.22378440679962,0.7142857142857143,0.7692307692307693,0.5714285714285714,0.14285714285714285,0.23076923076923078,0.21428571428571427,0.07142857142857142,0.0,0.14285714285714285,0.07142857142857142,0.0,0.07142857142857142,0.8706078203639179
108,68,613,602,680,0.5994603913254998,0.4521933459664455,0.48126336812840353,0.35849393852594824,0.28588910243882915,0.3131248098495315,0.05828358780260976,0.056056200713352045,0.030727958314751315,3458.230769230769,4800.75,5454.25,3818.285714285714,2904.9473684210525,3197.5,4443.105263157895,3670.095238095238,3220.3333333333335,3496.9,4200.25,2645.7272727272725,251.0,285.0,160.0,267.5,288.0,195.5,209.0,303.5,349.5,363.0,326.0,447.0,1563.8510906476035,1589.2976036162522,1574.159163925442,1.0,0.7857142857142857,0.5,73.04188053008355,95.092067107044,100.92484030172325,1.0,0.7857142857142857,0.5,0.0,0.21428571428571427,0.14285714285714285,0.0,0.0,0.35714285714285715,0.0,0.0,0.0,0.9707180650037792
109,33,114,200,166,0.08881828188644354,0.15070467011585167,0.11820314008103035,0.27989289588720234,0.2820980438030581,0.2956082516649339,0.10523018634203944,0.12879522517440914,0.18094266098102738,1871.5555555555557,2428.0,2981.75,1972.0,2999.764705882353,2389.35,1586.111111111111,2598.9444444444443,1737.7333333333333,2738.5714285714284,2939.0,2066.4444444444443,135.0,161.0,127.0,94.0,139.0,138.0,90.0,124.5,115.5,80.0,158.0,110.0,1318.5574539141048,1399.0843356709827,1374.8480017619818,0.6428571428571429,0.2857142857142857,0.14285714285714285,91.67996689316728,94.7927776540195,100.3115725099568,0.6428571428571429,0.2857142857142857,0.14285714285714285,0.14285714285714285,0.35714285714285715,0.35714285714285715,0.21428571428571427,0.21428571428571427,0.42857142857142855,0.0,0.14285714285714285,0.07142857142857142,0.7374527588813302
110,24,173,169,179,0.22742179571702203,0.22711537276022117,0.23567459994679374,0.5787490327942054,0.5186589419752976,0.5364164553649313,0.2123343971653211,0.2133527187221299,0.19333875211836274,2130.5833333333335,1330.7777777777778,2371.8888888888887,1671.3,2650.0,1234.047619047619,1448.6470588235295,903.8888888888889,2203.470588235294,929.0,2403.285714285714,2079.777777777778,129.0,117.0,118.0,86.0,51.0,104.0,66.5,103.5,61.5,68.0,98.0,117.0,871.326651215827,837.8583875099182,866.4223785599057,0.5,0.2857142857142857,0.14285714285714285,54.33578966423556,53.15108539206228,54.25155824429449,0.5,0.2857142857142857,0.14285714285714285,0.14285714285714285,0.07142857142857142,0.35714285714285715,0.2857142857142857,0.5714285714285714,0.21428571428571427,0.07142857142857142,0.07142857142857142,0.2857142857142857,0.5802343159486016
111,77,279,345,361,0.3782246952998806,0.30943147036977864,0.3098345324755762,0.43211425833773315,0.4164194192814581,0.41281288855466075,0.09393935577349545,0.061969706035533666,0.0671731565615885,759.3333333333334,2301.2,2407.0,1806.5,3264.6,1550.157894736842,1868.4444444444443,3041.25,2645.176470588235,1588.8181818181818,4573.0,5006.181818181818,367.0,420.0,410.0,84.5,239.5,256.0,60.5,115.0,175.5,44.0,124.0,99.0,1523.7010101842654,1524.4623094578214,1512.0357236125617,1.0,0.8571428571428571,0.7142857142857143,52.68976795069076,79.63914308201518,83.2241457389742,1.0,0.8571428571428571,0.7142857142857143,0.0,0.14285714285714285,0.14285714285714285,0.0,0.0,0.14285714285714285,0.0,0.0,0.0,0.9835676492819351
112,144,162,286,181,0.2792194939585992,0.2881709879938338,0.20052340023367227,0.31547838589938343,0.2758330378260558,0.2621771446889435,0.10412474116683268,0.04508566093976254,0.07495586858016463,2463.4545454545455,1548.2857142857142,1671.4,1610.2631578947369,1709.1363636363637,2056.9,1334.611111111111,1889.842105263158,1963.0,1379.0,1326.0,2057.3333333333335,132.0,144.0,57.0,116.5,216.0,117.5,120.0,171.5,189.5,95.0,127.0,205.0,2579.28552433508,2566.9848455421356,2614.6368463358963,0.9285714285714286,0.35714285714285715,0.5,41.44205122420395,70.89045143228837,64.47412827383543,0.9285714285714286,0.35714285714285715,0.5,0.07142857142857142,0.42857142857142855,0.14285714285714285,0.0,0.21428571428571427,0.35714285714285715,0.0,0.0,0.0,0.8917309145880574
