"KOD","PLEC","WIEK","RAV","TAO","FIG","CRT_7","FAN_CON","FAN_ELI","RAV_CON","RAV_ELI","TAO_CON","TAO_ELI","FIG_CON","FIG_ELI","FFA/MMA","FMA","FMA_wgl","MMA","MMA_wgl","F/M","F/M_WGL","WGL","WGL_wgl","RAT","RAT_wgl","NFC","REL_1","REL_2","ATEIST","PSEUDO","PARA","CONSP","ST_CLOSE","ST_INT","MC_4","MC_123","CS_LET_4","CS_LET_6","CS_LET_8","ARR_LET_5","ARR_LET_7","ARR_LET_9","TREL_P1","TREL_P2","TREL_L1","TREL_L2"
"1",1,"m",23,14,14,9,7,11,25,25,12,14,22,14,19,"M",NA,NA,3,0,3,0,3,0,8,6,115,8,7,0,51,37,26,35,20,0.266666666666667,0.788888888888889,3.2,4.2,6.8,3.33,4.2,3.006,0.76,0.76,6.20163359021211,7.30156858028316
"2",2,"k",33,14,12,8,4,0,0,27,11,27,11,23,12,"F",5,4,NA,NA,5,4,2,0,8,5,146,22,20,1,37,46,37,28,33,0.366666666666667,0.811111111111111,3.4,3.4,2.8,4,3.262,1.8,0.86,0.82,5.56910102373442,6.37907569349707
"3",3,"k",18,11,14,11,2,4,29,25,7,16,15,21,9,"M",NA,NA,3,1,3,1,3,1,5,2,141,15,21,0,50,10,50,27,27,0.166666666666667,0.766666666666667,3.6,5.2,5.2,3.67,4.669,5.4,0.88,0.8,6.06467644016932,6.52121472893775
"4",4,"k",18,8,16,12,1,0,0,26,19,15,24,16,30,"F",1,0,NA,NA,1,0,6,2,8,1,128,19,26,0,43,29,46,17,19,0.366666666666667,0.788888888888889,2,1.2,2.8,NA,NA,NA,0.76,0.58,6.44447294209237,6.92994143209379
"5",5,"m",24,11,12,8,0,7,15,21,14,11,20,15,22,"M",NA,NA,4,0,4,0,4,0,6,0,151,0,0,1,44,10,48,24,25,0.3,0.877777777777778,4,4.8,6.8,4.33,4.2,4.203,0.76,0.52,5.65858291023026,6.53830721400231
"6",6,"k",26,16,16,11,2,0,0,20,14,21,17,19,24,"F",5,0,NA,NA,5,0,6,1,9,0,134,27,19,0,31,31,41,23,25,0.3,0.933333333333333,3.8,5.8,6.4,4,3.731,7.2,0.96,0.92,5.50299503896583,6.2535483812587
"7",7,"k",25,13,15,7,4,0,0,31,12,17,24,21,19,"F",4,4,NA,NA,4,4,3,2,10,2,NA,30,2,0,39,77,32,41,38,0.233333333333333,0.788888888888889,3.8,5.4,4.6,2.665,4.2,4.203,0.94,0.88,5.70976115557872,6.63390361465205
"8",8,"k",22,15,17,12,4,0,0,25,11,18,10,22,12,"M",NA,NA,5,0,5,0,3,1,7,4,128,6,0,1,49,46,39,26,31,0.233333333333333,0.833333333333333,3.8,5.2,6.6,3,4.2,4.797,NA,NA,NA,NA
"9",9,"k",24,16,12,13,5,27,11,31,5,17,18,31,13,"M",NA,NA,5,0,5,0,4,0,6,4,NA,10,11,1,42,43,29,17,24,0.533333333333333,0.866666666666667,3.4,4.4,3.6,3.67,0.938,3.006,0.96,0.74,5.02613780331625,5.61123398892757
"10",10,"m",26,8,8,6,0,31,25,23,28,29,26,27,32,"M",NA,NA,2,0,2,0,2,0,1,14,126,32,27,0,73,80,56,48,32,0.133333333333333,0.888888888888889,0.4,0.8,1.2,1,-1.869,1.197,0.26,0.3,2.04916841657123,3.62048229350487
"11",11,"k",19,9,13,6,1,16,17,20,12,22,16,24,15,"M",NA,NA,1,0,1,0,1,0,1,0,101,42,36,0,52,40,25,25,32,0.333333333333333,0.822222222222222,2.6,2.4,2.4,2,2.8,0.594,0.58,0.52,6.77381055862,7.97332783385231
"12",12,"m",21,9,10,3,0,23,18,17,24,15,29,16,25,"F",1,0,NA,NA,1,0,1,0,0,0,NA,9,3,1,69,63,73,34,39,0.133333333333333,0.777777777777778,4,4.2,5.4,1.33,2.331,3.006,0.88,0.62,5.80887773945714,7.82539087289839
"13",13,"k",31,9,15,9,2,0,0,20,14,18,14,17,22,"F",2,1,NA,NA,2,1,4,0,5,0,NA,37,28,0,57,22,29,20,25,0.3,0.811111111111111,4,5.6,4.4,3,2.8,3.6,0.84,0.78,5.49038148620286,6.09552168891692
"14",14,"k",19,16,17,15,5,11,19,30,12,17,19,27,12,"F",5,0,NA,NA,5,0,5,0,5,2,NA,19,8,1,46,23,51,15,27,0.533333333333333,0.722222222222222,4,6,5.6,3.665,5.6,2.997,0.9,0.86,6.15611443654467,6.43940778156767
"15",15,"k",25,10,12,10,3,26,14,28,7,26,15,21,17,"F",3,2,NA,NA,3,2,4,0,7,2,NA,42,33,0,67,100,86,29,33,0.333333333333333,0.922222222222222,4,4.4,4.2,1.67,2.338,1.8,0.96,0.76,5.64047546160479,6.87207222306211
"16",16,"m",22,17,16,14,6,21,22,26,14,22,16,25,14,"F",6,3,NA,NA,6,3,5,1,13,4,NA,1,3,1,27,4,12,19,19,0.533333333333333,0.933333333333333,4,5.6,7,4.33,4.662,5.4,1,0.98,5.0949759978658,6.53688127395633
"17",17,"m",19,11,12,7,1,20,19,12,23,13,28,14,25,"F",1,0,NA,NA,1,0,2,0,8,2,116,32,25,0,33,15,12,46,39,0.733333333333333,0.911111111111111,2.6,2.6,3.4,3.335,1.869,6.003,0.84,0.86,4.56684773660333,4.8468802360807
"18",18,"k",32,6,6,7,1,6,12,10,20,14,25,8,26,"M",NA,NA,1,0,1,0,2,0,9,1,134,27,16,0,44,20,37,20,20,0.2,0.833333333333333,3.4,4.2,3.6,-3.67,-3.269,-1.8,0.84,0.3,5.90255519612024,7.80257359897733
"19",19,"k",24,9,12,10,1,0,0,22,9,11,21,14,23,"M",NA,NA,4,0,4,0,3,0,11,5,130,22,10,0,48,23,40,26,33,0.7,0.822222222222222,3.8,4.8,4.2,4.665,6.062,1.8,0.84,0.82,5.86793617358333,7.62202280837293
"20",20,"m",18,7,5,3,1,25,25,27,26,24,26,24,23,"M",NA,NA,2,0,2,0,1,0,4,0,132,40,17,1,51,35,76,47,32,0.2,0.844444444444444,2.2,4.6,3,3.67,5.138,2.403,0.84,0.5,5.86300395775167,7.9671534754156
"21",21,"k",25,15,12,12,6,0,0,24,13,8,25,8,25,"M",NA,NA,4,1,4,1,6,2,8,4,150,11,0,1,29,27,49,25,26,0.3,0.844444444444444,4,3.4,3.4,4,4.2,4.806,0.96,0.98,4.90488169014167,6.16767649437898
"22",22,"m",24,14,16,9,4,14,24,24,24,19,23,13,21,"M",NA,NA,4,0,4,0,5,0,5,0,123,11,11,1,26,2,40,22,16,0.533333333333333,0.855555555555555,4,4,4.2,2.665,3.269,2.394,0.9,0.88,5.96238180211067,6.87715715046363
"23",23,"k",20,13,14,9,0,0,0,27,12,25,13,16,19,"M",NA,NA,1,0,1,0,3,0,2,3,137,17,1,1,41,33,18,47,36,0.3,0.8,3.4,2.4,3.2,2.33,2.331,2.997,0.72,0.72,6.42736066336722,7.17456611598167
"24",24,"k",28,7,10,6,0,24,16,18,16,21,17,18,19,"M",NA,NA,1,0,1,0,1,0,8,6,115,35,11,0,47,39,13,26,22,0.266666666666667,0.755555555555556,2.8,3.6,2.2,2.335,2.331,1.197,0.48,0.36,4.04902383294375,4.14035028734111
"25",25,"k",18,12,12,12,5,11,22,23,15,9,23,14,18,"F",5,1,NA,NA,5,1,5,4,5,1,157,4,2,1,34,2,34,20,36,0.333333333333333,0.833333333333333,4,5.8,5.8,3.665,4.2,4.797,0.92,0.9,6.29245688129674,6.31463039672267
"26",26,"k",40,12,13,8,0,0,0,17,22,17,19,16,23,"F",5,2,NA,NA,5,2,1,0,10,0,137,18,13,1,73,42,51,24,30,0.0333333333333333,0.822222222222222,2,3,4,1.335,1.869,4.194,0.82,0.66,6.4173664949039,7.96646331060091
"27",27,"m",22,9,7,5,3,22,17,23,24,25,24,28,28,"F",3,0,NA,NA,3,0,1,0,9,0,137,38,31,0,58,70,71,42,33,0.133333333333333,0.755555555555556,4,3.2,2,2.665,1.869,1.197,0.58,0.46,4.67729487373793,5.51678907013261
"28",28,"m",22,17,13,15,7,21,17,22,21,17,25,31,10,"F",5,2,NA,NA,5,2,6,0,3,0,146,16,23,1,40,65,49,32,40,0.4,0.944444444444444,4,4.4,5,4.665,4.669,4.203,0.9,0.98,4.05286521267511,4.14703447716714
"29",29,"m",23,15,10,9,5,0,0,30,9,11,24,18,16,"F",5,1,NA,NA,5,1,3,0,7,0,125,2,3,1,54,6,36,28,31,0.266666666666667,0.711111111111111,2.8,5,4.2,3.665,2.331,2.403,0.72,0.58,7.77405990460944,7.23272480231207
"30",30,"k",23,16,17,15,7,5,17,23,12,21,13,20,17,"F",6,1,NA,NA,6,1,6,1,13,0,121,35,33,0,38,52,44,20,20,0.6,0.911111111111111,4,6,7.2,4.665,4.669,5.994,0.98,0.9,5.90504146185796,6.66276942005933
"31",31,"m",22,12,12,7,4,0,0,25,17,21,16,18,20,"M",NA,NA,4,0,4,0,6,2,8,4,119,18,6,1,41,63,52,26,27,0.1,0.744444444444444,2.8,1.6,3.2,4,4.2,4.194,0.82,0.72,5.90646844247268,8.07862673266833
"32",32,"k",22,9,10,7,2,17,24,18,26,20,25,24,24,"M",NA,NA,1,0,1,0,1,0,1,0,134,38,35,0,82,72,45,44,34,0,0.444444444444444,3,3.4,2.4,2.335,0.462,-2.997,0.4,0.4,3.5025118615199,4.696126477117
"33",33,"m",25,11,14,8,2,20,21,24,11,25,27,25,28,"F",4,0,NA,NA,4,0,3,0,3,4,127,0,0,1,34,2,37,43,32,0.166666666666667,0.7,3.8,3.2,4.2,3.335,1.862,3.6,0.88,0.8,7.00175113085432,7.11840400137725
"34",34,"k",32,9,6,5,2,24,18,24,18,26,26,27,25,"F",2,0,NA,NA,2,0,0,0,6,2,138,36,34,0,90,76,19,40,31,0.166666666666667,0.722222222222222,1.8,2,3,1.67,0.469,-0.594000000000001,0.46,0.34,6.09654889476044,7.11156431016824
"35",35,"k",20,9,7,5,1,0,0,27,20,24,23,24,20,"M",NA,NA,4,0,4,0,3,0,2,0,101,32,22,0,60,44,37,43,33,0.233333333333333,0.9,2.6,1.8,1.6,1.33,0.931,1.8,0.8,0.46,5.18745820325858,5.85687620634478
"36",36,"k",20,11,16,6,2,10,22,17,20,21,19,19,23,"M",NA,NA,5,2,5,2,3,1,9,2,144,22,9,1,42,63,45,28,34,0.266666666666667,0.922222222222222,4,4.8,7,4.665,6.069,4.797,0.92,0.92,4.57552503316174,6.01980912572848
"37",37,"m",20,16,17,16,7,8,15,21,16,23,21,24,16,"M",NA,NA,5,1,5,1,6,3,3,1,133,41,25,0,52,62,57,33,26,0.566666666666667,0.911111111111111,4,6,7.8,4,5.131,4.203,0.9,0.76,4.401610720662,4.57419401709553
"38",38,"k",20,16,17,7,3,16,30,21,29,20,30,19,25,"F",2,0,NA,NA,2,0,0,0,10,0,155,21,14,1,79,58,63,29,29,0.433333333333333,0.788888888888889,4,3.6,4.8,2.335,2.331,4.194,0.98,0.9,4.60391075488408,5.71489475990778
"39",39,"m",38,9,8,5,2,0,0,32,4,29,12,25,11,"M",NA,NA,1,2,1,2,5,0,0,0,NA,NA,NA,NA,NA,NA,NA,NA,NA,0.333333333333333,0.855555555555555,3.8,2.4,5.8,1,0.931,2.997,0.32,0.28,2.591035969205,1.80516784450686
"40",40,"k",21,5,7,4,1,11,21,22,8,23,16,24,8,"M",NA,NA,2,0,2,0,2,0,5,1,124,29,4,0,44,51,10,42,41,0.233333333333333,0.633333333333333,2.4,4.2,5.6,3,3.731,2.997,0.3,0.38,3.8784539802844,3.26184565345984
"41",41,"m",20,16,12,11,6,0,0,31,5,18,15,21,13,"M",NA,NA,5,0,5,0,3,2,4,2,112,25,3,1,44,8,50,15,23,0.4,0.811111111111111,3.4,5,4.8,4.665,3.731,6.003,0.96,0.86,6.60805534852021,7.79581161512721
"42",42,"m",22,10,12,12,6,12,19,15,8,17,12,24,7,"F",5,0,NA,NA,5,0,3,0,12,0,139,23,14,0,66,47,49,24,33,0.333333333333333,0.933333333333333,4,5.8,5.8,3,4.669,2.394,0.92,0.96,5.83183528642783,6.63319091151854
"43",43,"k",22,9,9,6,4,20,24,21,15,21,15,12,23,"F",4,2,NA,NA,4,2,3,1,10,0,141,30,23,0,42,54,14,20,27,0.233333333333333,0.855555555555555,1.8,0.6,0.8,1.665,2.8,2.394,0.56,0.46,4.08031360516682,6.24994062503357
"44",44,"m",24,15,13,11,4,24,22,23,19,18,22,21,19,"M",NA,NA,6,4,6,4,6,1,4,2,139,0,0,1,18,2,12,14,25,0.3,0.655555555555556,4,4.2,3.4,3.335,3.731,3.6,0.74,0.56,6.16366726477514,7.54602665931714
"45",45,"m",34,7,10,4,1,16,19,23,16,23,21,21,20,"F",3,0,NA,NA,3,0,0,0,9,1,94,33,22,0,57,113,43,38,31,0.1,0.744444444444444,3.6,4.2,2,-1,1.4,-0.593999999999999,0.4,0.32,2.89817179008915,3.66769154622212
"46",46,"k",19,13,15,11,4,21,19,28,7,16,24,19,22,"M",NA,NA,4,1,4,1,5,3,8,2,110,40,36,0,54,26,49,30,38,0.6,0.0222222222222222,4,5,4,5,4.2,4.194,0.86,0.88,4.91060675641047,7.03942900348909
"47",47,"k",18,12,13,9,6,0,0,25,12,26,12,15,21,"F",4,0,NA,NA,4,0,3,0,1,1,100,23,15,0,59,52,47,35,33,0.3,0.888888888888889,3.4,3,3.8,4.335,2.8,2.997,0.86,0.76,5.73160528220465,6.7111424695971
"48",48,"k",19,11,17,14,3,0,0,26,11,27,20,28,22,"M",NA,NA,3,0,3,0,1,1,1,8,155,25,9,1,45,37,55,25,36,0.533333333333333,0.811111111111111,4,4.6,4.2,1.335,4.662,3.6,0.9,0.86,4.02316720014178,6.11513010974442
"49",49,"m",22,17,17,14,7,20,20,31,4,14,18,23,14,"F",6,1,NA,NA,6,1,6,0,11,2,139,7,7,1,19,11,45,14,20,0.6,0.844444444444444,4,6,5.8,4.335,3.731,7.2,0.88,0.8,5.99530137606091,7.2034054150015
"50",50,"m",18,17,17,15,7,18,12,32,4,12,21,24,10,"M",NA,NA,6,6,6,6,6,1,10,0,135,3,0,1,17,0,21,12,13,0.466666666666667,0.888888888888889,4,6,6,4,4.662,5.4,0.94,0.94,5.58229583473702,5.73058928315617
"51",51,"k",33,11,12,7,1,20,19,30,9,24,8,23,10,"M",NA,NA,4,0,4,0,1,0,5,4,135,15,22,1,50,61,29,12,23,0.1,0.155555555555556,3.2,2.6,4.2,0.335,0.462,0,0.56,0.5,5.71705483635607,8.43578350031
"52",52,"k",35,2,3,3,0,29,31,20,31,32,31,25,32,"M",NA,NA,2,0,2,0,0,0,7,0,110,42,42,0,69,84,27,48,29,0.1,0.0888888888888889,1.6,0.8,1.2,0,-0.462,-0.594,0.28,0.28,5.755317961097,4.04217179027207
"53",53,"k",32,11,8,3,2,0,0,14,12,21,12,19,12,"M",NA,NA,3,0,3,0,0,0,5,1,126,30,25,0,62,60,46,34,35,0.133333333333333,0.544444444444444,0.6,0.4,3.4,4.665,4.669,4.194,0.24,0.34,1.77552420724839,1.90842349451729
"54",54,"k",24,11,8,5,5,0,0,28,10,24,11,23,14,"M",NA,NA,3,0,3,0,2,0,3,1,129,7,7,1,46,48,45,21,30,0.466666666666667,0.755555555555556,3.2,3.2,2.6,2.665,3.731,4.203,0.96,0.86,5.78911560098896,5.77691911950349
"55",55,"k",24,16,15,13,7,8,18,32,7,15,23,16,26,"M",NA,NA,6,0,6,0,5,4,8,6,124,7,6,1,31,34,36,31,29,0.366666666666667,0.811111111111111,3.8,5,3.4,5,5.138,7.2,0.86,0.86,6.11568932206326,5.75982015958139
"56",56,"m",19,17,18,16,7,9,29,32,6,15,27,24,20,"F",5,0,NA,NA,5,0,6,0,10,1,167,18,22,1,31,49,51,24,46,1,1,4,5.4,7,5,6.531,6.597,1,0.96,3.7398900248818,4.06716164156208
"57",57,"k",21,16,8,11,3,0,0,22,13,22,17,11,19,"F",6,1,NA,NA,6,1,4,0,5,0,117,17,7,1,59,45,52,46,26,0.266666666666667,0.733333333333333,3,3.2,4.8,3.67,2.331,3.006,0.96,0.76,4.29179120651208,6.05663662898395
"58",58,"k",23,12,12,7,2,0,0,25,25,21,19,19,19,"F",4,2,NA,NA,4,2,0,0,13,4,119,26,20,0,68,40,45,39,32,0.366666666666667,0.922222222222222,3,5.2,5.8,4.665,4.662,2.394,0.52,0.56,6.39508009722615,7.55853876602964
"59",59,"k",22,8,13,11,1,16,26,19,26,18,24,18,19,"F",3,0,NA,NA,3,0,1,0,3,0,133,20,11,0,59,42,56,31,38,0.3,0.822222222222222,3,4.2,4.6,2.335,2.8,2.394,0.78,0.72,6.93565795323821,7.8231909058175
"60",60,"k",20,14,17,10,5,12,27,24,14,17,21,20,19,"F",3,1,NA,NA,3,1,5,1,10,1,126,42,31,0,56,38,53,24,33,0.633333333333333,0.777777777777778,4,4.2,6.6,4.33,3.262,6.003,0.94,0.94,7.06984720384298,7.03798655825064
"61",61,"k",21,11,13,9,3,10,27,22,19,18,23,19,20,"F",4,1,NA,NA,4,1,2,1,10,1,117,1,0,1,6,1,16,21,27,0.133333333333333,0.755555555555556,3.4,4.8,3.2,3.67,4.2,1.8,0.82,0.64,5.15229213076441,6.06087097505847
"62",62,"k",39,14,8,1,4,17,27,22,15,18,19,24,17,"M",NA,NA,2,0,2,0,2,0,5,0,147,21,16,0,58,51,60,35,26,0.133333333333333,0.355555555555556,2.6,3.6,3,3.67,4.669,5.4,0.82,0.68,6.12989010276073,7.98119540859618
"63",63,"m",21,14,11,5,1,0,0,27,17,25,16,21,21,"M",NA,NA,4,2,4,2,3,1,7,1,129,40,35,0,45,29,9,21,31,0.433333333333333,0.622222222222222,3.2,4.8,4.6,3.33,1.862,2.403,0.34,0.3,2.94960409282371,2.90529195554533
"64",64,"k",21,17,18,15,7,13,18,32,4,16,16,16,19,"F",6,0,NA,NA,6,0,4,0,5,5,158,7,0,1,7,1,37,16,13,0.3,0.8,4,5.8,6.4,3,6.069,5.994,0.88,0.76,4.95926060052455,5.75415952844158
"65",65,"k",20,10,12,7,1,16,24,16,17,17,15,20,19,"M",NA,NA,4,0,4,0,3,0,7,0,106,41,30,0,69,60,52,35,31,0.233333333333333,0.944444444444444,3.6,3,1.6,1,2.338,4.806,0.78,0.6,5.78862672550231,7.36022672387533
"66",66,"k",20,12,17,10,5,0,0,24,19,22,24,8,21,"F",6,0,NA,NA,6,0,3,0,11,3,127,33,21,0,40,43,51,36,38,0.433333333333333,0.877777777777778,3.4,5.8,3,4.335,1.869,3.6,0.98,0.98,3.25670016495857,4.71214817763265
"67",67,"k",21,14,14,10,4,0,0,21,15,17,21,11,20,"M",NA,NA,4,0,4,0,3,0,5,0,106,34,28,0,39,31,36,40,35,0.3,0.488888888888889,4,5.4,5.4,3.33,4.2,3.6,0.96,0.96,5.3106857811325,7.44433344259
"68",68,"k",20,12,15,10,6,27,13,23,8,23,13,18,18,"F",6,2,NA,NA,6,2,6,1,9,5,125,23,14,0,67,42,54,38,35,0.633333333333333,0.9,3.6,3.4,4.8,5,3.738,6.597,0.96,0.98,4.18382535306583,4.78228070128735
"69",69,"m",23,13,11,9,1,10,23,18,14,17,17,14,19,"F",4,0,NA,NA,4,0,3,2,4,0,126,0,0,1,33,5,29,18,31,0.3,0.666666666666667,2.8,4,4.2,2.665,0.931,4.203,0.82,0.72,4.79126116379122,6.10585442058361
"70",70,"m",21,14,12,11,4,0,0,24,13,24,28,21,24,"F",3,3,NA,NA,3,3,3,3,4,6,130,3,9,1,68,14,78,50,27,0.433333333333333,0.6,2.4,4.8,4.2,2.67,1.869,0,0.8,0.66,6.22385541297625,7.74172343444364
"71",71,"k",22,17,11,11,4,14,22,28,19,22,25,22,26,"F",4,0,NA,NA,4,0,4,0,5,4,148,41,35,0,67,39,27,28,29,0.266666666666667,0.866666666666667,3.2,3.6,2.4,2.67,0.931,0.603000000000001,0.76,0.64,5.97512801141316,6.83637797759125
"72",72,"k",23,15,14,10,4,10,22,28,12,25,23,15,22,"F",4,0,NA,NA,4,0,3,0,2,0,101,42,42,0,47,60,36,31,31,0.233333333333333,0.922222222222222,3.2,3.6,3.8,2.67,0.931,0.594000000000001,0.68,0.54,5.03047496191503,5.85937218168544
"73",73,"k",19,15,16,15,5,0,0,21,11,21,9,24,9,"M",NA,NA,5,1,5,1,3,1,3,0,113,37,35,0,41,26,22,28,23,0.3,0.811111111111111,2.8,3.2,5.8,3.665,3.262,2.403,0.84,0.78,6.2505546208531,6.26654345176154
"74",74,"m",20,11,12,7,7,16,29,32,7,17,19,18,17,"M",NA,NA,5,0,5,0,3,0,7,8,NA,21,13,0,23,17,7,22,26,0.3,0.855555555555555,3.8,4.8,3.6,5,5.131,7.803,0.86,0.7,5.55392913164535,6.17338946103171
"75",75,"k",21,11,11,7,1,0,0,19,19,19,17,17,22,"M",NA,NA,2,0,2,0,3,0,4,0,117,35,26,0,57,11,17,27,35,0.266666666666667,0.811111111111111,3.2,4.4,3.6,0.665,1.869,1.8,0.54,0.48,6.07363782717963,7.32087257337
"76",76,"m",18,11,18,10,3,19,25,29,16,28,18,18,24,"M",NA,NA,6,4,6,4,2,1,6,1,125,32,16,0,70,54,80,45,45,0.433333333333333,0.9,4,3.8,4.6,4.33,5.138,6.597,0.94,0.78,7.10155486602383,7.1442217224059
"77",77,"k",26,16,18,9,4,16,24,22,19,25,20,16,23,"M",NA,NA,4,0,4,0,5,0,12,3,136,27,29,0,36,41,44,22,33,0.266666666666667,0.833333333333333,4,4.6,4.8,1.335,3.731,5.4,0.94,0.92,5.54209927245702,6.22759480303391
"78",78,"k",27,10,7,9,4,9,26,31,7,27,13,25,12,"M",NA,NA,4,3,4,3,2,1,8,1,129,2,0,1,48,74,75,23,32,0.166666666666667,0.866666666666667,2.2,4.4,3.8,2.335,3.269,1.8,0.48,0.38,2.83082881611267,3.62149344463637
"79",79,"m",22,13,10,9,4,17,24,30,14,25,10,26,23,"M",NA,NA,4,1,4,1,5,0,12,0,139,0,0,1,8,5,21,19,22,0.4,0.811111111111111,3.4,4.8,6.6,3.33,4.2,2.403,0.86,0.74,5.54062673495861,7.05658397219756
"80",80,"k",22,8,11,10,4,16,15,20,16,12,19,20,17,"M",NA,NA,3,0,3,0,2,1,6,3,95,0,0,1,41,6,47,27,22,0.433333333333333,0.888888888888889,2.8,4.8,3,2.335,2.331,4.203,0.9,0.82,6.32689306626378,7.86924363512049
"81",81,"m",30,15,15,11,4,18,17,27,8,18,21,26,12,"F",5,3,NA,NA,5,3,4,2,2,0,118,23,21,0,46,4,63,30,24,0.366666666666667,0.922222222222222,4,5,6.4,3.33,4.669,5.4,0.9,0.8,6.60097298396244,7.43045278166975
"82",82,"k",21,15,14,11,5,13,20,24,9,19,13,16,15,"F",4,0,NA,NA,4,0,4,0,9,0,135,36,30,0,31,13,45,27,22,0.4,0.766666666666667,4,5.6,5,3,1.4,3.6,0.38,0.48,2.17709355317054,1.81978285647841
"83",83,"m",27,10,10,7,2,24,15,22,15,24,23,21,22,"F",1,0,NA,NA,1,0,1,0,1,0,120,38,29,0,48,43,51,40,34,0.166666666666667,0.822222222222222,4,2.4,3.4,1,0.931,1.8,0.7,0.64,6.927301703778,8.33329464081281
"84",84,"k",21,12,11,8,2,0,0,27,15,23,23,23,23,"F",4,1,NA,NA,4,1,4,0,4,0,142,11,6,1,55,63,62,26,33,0.233333333333333,0.8,3.4,2.6,4,3.67,3.262,3.006,0.9,0.72,5.489772441908,6.27469211824028
"85",85,"k",18,17,14,10,6,4,28,28,14,28,14,20,21,"M",NA,NA,6,1,6,1,6,0,8,0,157,16,25,1,33,28,2,13,29,0.5,0.833333333333333,4,6,7.8,5,4.2,7.2,0.96,0.9,5.18600905556396,6.70397496808533
"86",86,"k",24,13,12,9,1,16,21,18,13,17,20,15,14,"M",NA,NA,2,0,2,0,4,0,8,2,126,18,21,1,47,43,52,22,27,0.466666666666667,0.8,4,4.6,3.2,-0.335,2.8,2.997,0.72,0.84,6.26502649390222,5.94704023525047
"87",87,"k",21,15,16,10,4,0,0,24,17,25,18,25,18,"M",NA,NA,4,0,4,0,4,3,5,2,126,11,5,1,46,44,55,22,28,0.2,0.822222222222222,3.8,4.4,3.6,4.665,6.531,4.797,0.96,0.94,5.45262890605187,7.19561889148744
"88",88,"k",19,16,18,16,6,0,0,23,6,24,14,25,8,"M",NA,NA,5,6,5,6,5,5,7,8,152,8,0,1,8,1,13,13,18,0.533333333333333,0.744444444444444,4,3.2,3.4,3.335,4.2,4.203,0.92,0.86,5.03717045627087,5.95217842480442
"89",89,"m",23,10,9,9,5,21,22,28,11,22,13,22,17,"F",2,1,NA,NA,2,1,3,0,4,1,146,28,32,0,85,15,80,33,17,0.3,0.933333333333333,4,5,5.2,2.665,3.88578058618805e-16,-0.603,0.9,0.72,5.06665614013155,5.21761984731667
"90",90,"k",18,13,14,10,4,16,20,23,9,24,20,31,13,"F",5,3,NA,NA,5,3,0,0,6,0,139,17,8,1,41,22,32,23,25,0.5,0.811111111111111,3.8,5.6,4.6,3.67,5.138,6.597,1,0.94,5.8594170122858,6.16317412376979
"91",91,"m",25,17,13,12,5,0,0,31,16,11,27,17,23,"F",6,0,NA,NA,6,0,6,0,10,1,135,40,38,0,53,64,63,19,40,0.333333333333333,0.777777777777778,4,6,5.6,4.33,4.2,5.4,0.96,0.92,5.66075732339146,5.68690118050522
"92",92,"k",19,15,15,9,5,11,29,22,19,17,14,12,11,"F",4,0,NA,NA,4,0,3,1,11,2,166,0,0,1,39,0,1,13,15,0.366666666666667,0.888888888888889,4,5.2,4.8,3.665,6.069,6.597,0.82,0.84,5.08534510857341,5.77443001704786
"93",93,"k",25,13,12,8,5,0,0,18,19,16,20,16,20,"F",3,0,NA,NA,3,0,3,0,9,0,115,0,0,1,13,17,13,18,18,0.366666666666667,0.922222222222222,4,4.2,4.4,2,3.738,4.797,0.96,0.8,7.00915251905354,7.7122766010195
"94",94,"m",30,9,11,10,6,17,20,16,15,16,20,17,16,"M",NA,NA,4,2,4,2,3,0,13,0,142,24,26,0,61,68,63,30,27,0.2,0.833333333333333,4,4.6,4.6,2.665,2.331,2.403,0.74,0.74,6.35810032432649,8.13016831034514
"95",95,"m",25,12,10,5,0,21,22,21,24,21,27,18,28,"M",NA,NA,1,0,1,0,2,0,5,0,128,21,21,0,35,27,55,27,28,0.1,0.0777777777777778,3.4,3.4,2.8,2,1.869,0.603000000000001,0.4,0.4,3.05299526054105,3.2123214123074
"96",96,"m",24,9,9,6,2,12,29,25,21,25,24,21,32,"M",NA,NA,2,0,2,0,2,0,7,0,124,38,34,0,55,64,45,38,30,0.366666666666667,0.844444444444444,3.8,5.6,4,3.67,5.131,6.597,0.92,0.78,6.57022400384892,6.55317833764077
"97",97,"k",20,12,16,11,1,0,0,28,18,25,25,20,25,"F",5,1,NA,NA,5,1,2,0,8,7,146,21,19,1,63,102,88,24,44,0.433333333333333,0.722222222222222,4,3.6,4.2,4,6.062,4.797,0.82,0.8,4.59276473306171,6.21077610840675
"98",98,"k",23,12,8,5,3,16,21,13,24,12,24,12,26,"F",2,0,NA,NA,2,0,1,0,7,1,86,42,36,0,52,44,60,34,37,0.3,0.822222222222222,3.6,3.8,4.4,3,2.331,4.203,0.94,0.78,5.40977807560787,7.72536556889743
"99",99,"k",19,13,11,9,0,0,0,21,19,20,18,15,18,"F",2,0,NA,NA,2,0,2,0,0,0,128,15,1,1,38,71,36,18,37,0.233333333333333,0.733333333333333,3.2,4.2,3.2,-3.335,-6.062,-8.397,0.46,0.26,5.40336677517956,6.06214606502231
"100",100,"m",24,15,16,14,5,6,28,22,15,14,27,15,17,"F",5,3,NA,NA,5,3,6,5,10,9,146,16,30,1,47,63,47,22,35,0.5,0.833333333333333,3.8,5,5.2,4.665,6.062,3.006,0.98,0.86,6.17703057780347,7.41997702399604
"101",101,"k",19,16,16,8,5,17,19,15,22,24,17,23,15,"M",NA,NA,4,4,4,4,3,1,11,6,132,8,6,1,5,0,9,18,19,0.266666666666667,0.933333333333333,4,4.6,6.6,3.665,4.2,4.203,0.92,0.9,4.35292590749,5.50186130269022
"102",102,"k",19,13,14,14,5,15,23,25,15,24,22,24,15,"M",NA,NA,3,0,3,0,3,2,6,0,116,28,25,0,45,24,13,22,31,0.266666666666667,0.311111111111111,3.6,4.4,4.4,3.335,0.469,4.806,0.78,0.78,6.08087976573282,6.62184085675897
"103",103,"k",18,11,12,8,1,0,0,18,17,10,20,11,19,"M",NA,NA,4,0,4,0,3,1,3,0,129,35,37,0,50,9,51,23,23,0.2,0.533333333333333,2.8,4.2,3.8,3,3.731,1.197,0.92,0.8,6.05014782108826,6.45148864235525
"104",104,"k",23,12,14,10,4,10,24,16,28,14,31,25,27,"M",NA,NA,4,0,4,0,5,0,12,4,138,3,15,1,38,22,49,16,39,0.366666666666667,0.833333333333333,4,6,4.6,3,5.131,4.797,0.96,0.9,5.68141072863854,5.75442947291022
"105",105,"k",21,11,13,9,0,0,0,29,15,21,24,17,24,"M",NA,NA,1,0,1,0,0,0,7,4,97,40,34,0,43,8,34,31,30,0.3,0.888888888888889,3.6,1.8,2.8,4.33,3.269,2.394,0.82,0.8,6.37919753513829,6.8458622600115
"106",106,"m",25,14,15,9,5,11,23,28,11,19,19,22,20,"M",NA,NA,6,1,6,1,5,2,9,3,133,10,12,1,56,24,41,23,32,0.6,0.9,4,5.6,7,5,6.531,6.597,0.84,0.84,5.53059958555786,6.96359349865262
"107",107,"k",21,12,11,9,2,9,23,17,20,15,18,11,19,"M",NA,NA,4,0,4,0,3,0,5,0,145,1,0,1,22,4,12,22,25,0.566666666666667,0.755555555555556,4,4.4,4.4,2.665,5.131,5.994,0.74,0.78,7.51498348193459,8.53050404910564
"108",108,"k",20,17,16,14,7,17,21,28,14,21,19,19,25,"M",NA,NA,6,0,6,0,4,0,9,0,132,28,15,0,42,58,40,29,29,0.333333333333333,0.933333333333333,3.8,5.2,7,4.665,5.6,7.2,0.96,0.92,3.44496089762708,3.71761193231956
"109",109,"k",28,16,13,10,3,0,0,29,13,25,15,25,22,"M",NA,NA,4,0,4,0,1,3,11,3,149,29,27,0,48,20,65,29,36,0.533333333333333,0.744444444444444,4,4,3.8,1.67,3.731,1.8,0.78,0.8,6.48894683024205,7.53471979104425
"110",110,"k",20,11,16,11,1,13,20,19,18,17,24,18,20,"M",NA,NA,3,0,3,0,1,1,6,1,136,27,6,0,16,11,27,33,33,0.2,0.855555555555555,3,3.2,3.2,1.665,2.331,-1.197,0.34,0.26,2.64597789989576,2.46093809304062
"111",111,"k",18,8,10,6,1,0,0,27,5,15,11,20,7,"M",NA,NA,2,0,2,0,0,0,8,0,131,2,1,1,27,11,22,43,22,0.2,0.9,2.8,2.4,2,0.67,3.738,4.203,0.3,0.38,1.20787710113967,1.63848521365284
"112",112,"k",22,13,13,10,3,11,19,32,5,13,21,21,14,"F",4,4,NA,NA,4,4,1,0,7,3,157,16,14,0,23,0,5,14,23,0.266666666666667,0.922222222222222,3.2,4.8,5.8,4.665,4.669,5.4,0.94,0.9,6.59951806833298,6.63059571425245
"113",113,"m",26,10,10,6,4,21,17,19,21,22,22,27,25,"F",2,0,NA,NA,2,0,3,0,8,0,NA,2,0,0,64,27,69,43,35,0.333333333333333,0.811111111111111,2.8,4,4.6,3.665,2.331,4.203,0.68,0.56,6.51431689798765,6.87020492151214
"114",114,"k",24,8,5,5,0,0,0,15,21,16,31,16,28,"F",1,2,NA,NA,1,2,1,1,4,5,98,41,39,0,84,78,60,44,37,0.233333333333333,0.322222222222222,2.8,2.8,2.4,-1,-2.331,1.197,0.34,0.24,0.837606667011059,0.424199910242958
"115",115,"k",23,9,13,8,2,26,27,25,26,28,21,27,24,"F",4,0,NA,NA,4,0,1,1,4,4,156,30,22,0,43,21,50,30,22,0.2,0.777777777777778,3.8,5.6,5,4,5.131,3.006,0.86,0.66,7.6831839217414,7.43622309276
"116",116,"k",20,12,12,9,5,0,0,30,10,28,13,24,17,"F",5,0,NA,NA,5,0,4,2,3,0,129,40,30,0,55,20,34,31,24,0.466666666666667,0.866666666666667,4,5.4,5.6,4.335,3.269,4.797,0.88,0.84,6.68666044491932,8.06714407201738
"117",117,"m",20,13,16,14,7,13,19,13,11,24,13,25,11,"F",4,0,NA,NA,4,0,6,3,1,0,168,27,14,0,53,52,46,21,26,0.433333333333333,0.366666666666667,3.8,4.6,3.4,4.335,4.2,4.203,0.96,0.88,6.07758918432812,6.50288992908477
"118",118,"k",18,13,15,15,6,0,0,32,7,25,10,28,8,"F",5,3,NA,NA,5,3,3,3,9,2,147,14,0,1,42,14,56,27,29,0.1,0.911111111111111,3.6,4.8,5.6,2.665,0.931,3.6,0.92,0.76,5.33569599830935,7.59451737878921
"119",119,"k",19,12,16,11,6,16,19,25,19,20,27,26,26,"F",4,0,NA,NA,4,0,3,0,7,0,161,42,38,0,74,60,47,14,31,0.233333333333333,0.9,3.4,5.4,4.6,4.33,6.069,5.4,0.94,0.88,6.72971338093851,7.12333858950841
"120",120,"k",29,15,14,9,2,23,27,32,24,32,23,32,19,"F",5,0,NA,NA,5,0,2,0,7,0,156,37,23,0,58,5,3,34,23,0.366666666666667,0.822222222222222,3.6,2.4,2.2,2.335,0.938000000000001,1.206,0.9,0.82,4.30298158953816,5.42194109121873
"121",121,"m",23,9,11,8,0,0,0,25,8,19,18,21,15,"F",4,0,NA,NA,4,0,4,0,7,7,130,31,9,1,51,17,55,18,30,0.266666666666667,0.855555555555555,3,3.4,4.4,2.67,2.8,5.4,0.72,0.36,7.23404237634583,8.74864626277111
"122",122,"k",23,11,12,14,2,13,25,18,27,20,12,18,25,"F",3,2,NA,NA,3,2,1,1,7,1,153,21,21,0,49,60,33,18,23,0.266666666666667,0.877777777777778,3.2,3.8,3.4,3.67,4.669,2.997,1,0.94,5.5334918792094,5.4564286381166
"123",123,"k",18,14,11,9,3,31,18,21,11,21,16,18,16,"F",2,0,NA,NA,2,0,2,2,9,4,135,23,7,0,53,18,51,24,32,0.466666666666667,0.888888888888889,4,4.8,4.6,3.67,6.062,6.003,0.92,0.88,5.64608045732783,5.86920513871523
"124",124,"m",22,7,7,7,4,12,21,12,18,15,13,17,12,"M",NA,NA,1,0,1,0,1,0,9,2,107,42,34,0,53,50,44,31,27,0.333333333333333,0.855555555555555,3.4,3.2,4,1.335,0.462,1.197,0.54,0.34,3.54016985138863,3.47737123525182
"125",125,"k",18,11,8,8,1,0,0,27,13,27,13,24,14,"M",NA,NA,1,0,1,0,2,0,3,1,120,31,18,0,52,27,29,41,37,0.233333333333333,0.833333333333333,3.4,4,3.4,5,2.338,6.003,0.98,0.88,5.94508732535327,7.03466233507159
"126",126,"k",19,10,13,10,2,0,0,12,29,4,25,17,25,"M",NA,NA,1,0,1,0,2,0,1,0,151,19,0,1,27,79,4,21,25,0.433333333333333,0.955555555555556,3.2,3.6,3.4,1.335,5.131,3.6,0.8,0.72,6.22223408677,7.26131084852733
"127",127,"k",27,14,16,12,5,0,0,24,18,22,19,20,15,"M",NA,NA,5,2,5,2,3,0,6,3,156,4,0,1,47,21,50,20,25,0.266666666666667,0.755555555555556,3.6,4.8,6.6,2.67,2.331,3.6,0.9,0.86,7.39456190761333,7.46061545790046
"128",128,"k",22,7,12,7,0,19,27,28,29,28,28,23,29,"M",NA,NA,2,2,2,2,1,2,1,5,142,36,40,0,55,25,54,39,36,0.233333333333333,0.777777777777778,3.8,5,3.2,1.665,0.938,0,0.48,0.48,6.8731170499075,7.37917944710791
"129",129,"k",19,11,11,12,4,26,23,14,12,19,19,13,18,"M",NA,NA,3,0,3,0,4,0,5,0,102,0,0,0,0,0,0,0,0,0.333333333333333,0.933333333333333,4,5.4,5.2,4,5.131,3.6,0.9,0.88,5.46278395361289,5.81423300533182
"130",130,"m",18,9,10,6,1,19,21,21,21,24,12,22,16,"F",1,0,NA,NA,1,0,2,1,10,3,144,0,0,0,0,0,0,0,0,0.3,0.855555555555555,3.6,4.4,3,3,5.131,6.003,0.4,0.38,2.44798214662304,1.44251446755532
"131",131,"k",20,15,14,10,7,6,26,24,21,18,23,18,22,"F",5,2,NA,NA,5,2,3,1,12,2,146,0,0,0,0,0,0,0,0,0.766666666666667,0.888888888888889,4,5.6,6.6,3.67,4.2,6.003,0.9,0.76,5.07557870815867,6.04510176921316
"132",132,"k",28,17,14,12,5,12,20,21,18,19,19,28,14,"F",5,3,NA,NA,5,3,5,1,8,5,139,0,0,0,0,0,0,0,0,0.366666666666667,0.866666666666667,4,4,6.6,4.665,5.131,5.4,0.88,0.86,6.97342168489864,8.34126646459604
"133",133,"k",35,15,13,11,4,4,32,26,26,11,22,14,29,"F",6,2,NA,NA,6,2,3,3,13,6,131,0,0,0,0,0,0,0,0,0.433333333333333,0.666666666666667,2.2,1.2,4,5,6.069,5.4,0.86,0.54,5.83071349808,6.89072801486333
"134",134,"k",18,10,10,9,5,8,29,26,15,14,19,19,15,"M",NA,NA,5,2,5,2,2,1,5,2,134,0,0,0,0,0,0,0,0,0.366666666666667,0.9,4,4.8,3.8,-1,-0.931,1.197,0.88,0.8,6.98319481025295,7.78256994101625
"135",135,"m",20,17,15,8,5,4,30,32,16,23,11,27,14,"M",NA,NA,5,4,5,4,4,0,9,4,146,7,6,1,9,4,24,22,18,0.5,0.788888888888889,4,6,5,3.335,5.138,5.4,0.8,0.8,5.538778673181,7.260646716658
"136",136,"k",23,13,15,6,6,8,25,27,14,22,12,10,24,"F",3,0,NA,NA,3,0,4,0,9,2,131,36,25,0,41,30,66,25,32,0.3,0.855555555555555,3,4,3.6,2,3.269,2.997,0.46,0.6,3.35548981184139,3.56215083324037
"137",137,"k",27,14,16,12,6,0,0,31,7,13,24,22,10,"F",6,5,NA,NA,6,5,6,4,13,11,152,6,0,1,0,6,11,14,19,0.4,0.833333333333333,4,6,7.2,4.665,6.531,4.806,0.98,0.94,5.95563983600816,7.60897828658915
"138",138,"k",34,11,13,10,4,0,0,6,15,17,13,20,21,"M",NA,NA,6,0,6,0,6,1,13,11,84,0,5,1,23,9,29,32,18,0.433333333333333,0.811111111111111,4,4.8,4,3,4.2,3.6,0.54,0.56,6.67093627263815,6.28575173990179
"139",139,"m",20,15,10,7,5,7,24,28,8,24,17,15,23,"M",NA,NA,3,0,3,0,2,0,4,6,128,9,7,1,6,0,0,16,25,0.366666666666667,0.544444444444444,4,6,5.6,2.67,2.331,3.6,0.74,0.74,6.13562206205297,6.57915454904135
"140",140,"k",24,3,6,5,1,21,14,10,21,13,21,18,13,"M",NA,NA,4,0,4,0,2,0,5,5,129,40,34,0,65,17,54,16,22,0.2,0.766666666666667,3,2.8,3.2,0.33,0,0,0.3,0.28,2.602689184188,2.98374471887593
"141",141,"k",23,14,14,10,7,0,0,28,8,22,19,24,19,"M",NA,NA,4,0,4,0,3,3,3,2,101,1,6,1,8,3,22,19,24,0.633333333333333,0.111111111111111,2.2,3.6,3.8,3.33,3.269,2.997,0.88,0.84,4.57237830675091,6.87750350584809
"142",142,"k",29,12,10,8,4,21,20,24,10,26,7,17,9,"M",NA,NA,2,2,2,2,4,3,13,8,145,18,0,0,23,53,29,26,17,0.333333333333333,0.6,3.6,4.2,4.4,5,5.6,4.797,0.9,0.84,5.93177879595155,6.13052083878309
"143",143,"k",22,15,15,12,5,0,0,23,13,17,23,14,22,"F",3,3,NA,NA,3,3,2,1,10,8,132,30,20,0,67,17,70,36,30,0.5,0.833333333333333,4,4.2,5,4,3.738,3.6,0.92,0.94,5.00555265769522,5.76971548576042
"144",144,"k",22,11,15,7,4,17,30,23,26,19,26,25,25,"F",4,5,NA,NA,4,5,5,4,9,7,117,40,34,0,44,9,14,35,34,0.4,0.866666666666667,3.6,5.2,3.8,4,2.331,2.394,0.98,0.96,4.31165959680571,5.57042844300354
"145",145,"k",26,15,16,9,2,20,15,24,14,27,21,30,18,"F",5,3,NA,NA,5,3,5,3,9,6,124,11,0,1,29,16,54,24,33,0.366666666666667,0.711111111111111,3.2,4.4,6.4,4.665,4.2,3.6,0.8,0.66,5.05153080647375,6.28991322051697
"146",146,"k",22,11,14,5,4,26,18,28,17,23,18,22,14,"F",4,4,NA,NA,4,4,3,3,6,5,130,25,18,0,60,52,46,14,20,0.1,0.844444444444444,1.2,3.2,3.8,1.665,4.2,3.6,0.88,0.72,5.15505522092614,6.33586458639333
"147",147,"k",20,6,12,6,1,0,0,29,9,26,13,17,22,"F",1,1,NA,NA,1,1,3,2,10,0,110,1,0,1,39,5,46,20,32,0.266666666666667,0.877777777777778,3,3.4,5,4,1.869,1.8,0.86,0.72,5.89488666733956,6.72788147227
"148",148,"k",20,13,12,10,2,14,19,17,15,14,20,17,17,"M",NA,NA,5,1,5,1,2,0,6,2,138,27,23,0,62,58,58,29,26,0.566666666666667,0.844444444444444,4,4.4,4.6,5,5.6,4.797,0.92,0.88,6.04075708376174,6.28280646221772
"149",149,"k",20,10,11,3,4,7,23,7,15,9,15,8,15,"M",NA,NA,2,0,2,0,3,2,12,0,114,39,19,0,58,34,30,28,26,0.333333333333333,0.911111111111111,2.6,3.4,3.8,0.33,0.462,2.997,0.92,0.64,6.67763117475152,8.04243575142719
"150",150,"m",26,11,13,11,4,19,26,18,23,20,26,20,24,"M",NA,NA,4,1,4,1,0,0,5,0,115,42,29,0,61,42,51,32,26,0.4,0.922222222222222,2.4,3.2,3,2.665,3.269,3.6,0.88,0.88,6.97476110413841,7.73199252301136
"151",151,"k",27,17,17,9,5,0,0,29,6,22,16,22,13,"F",5,0,NA,NA,5,0,4,0,13,1,135,26,15,1,38,40,59,23,25,0.666666666666667,0.866666666666667,4,5.2,4,5,5.6,6.003,0.98,1,5.75700531940979,6.5461448484082
"152",152,"k",22,14,14,9,4,21,25,25,16,21,17,22,16,"F",4,2,NA,NA,4,2,5,1,10,2,154,29,28,0,32,16,27,18,24,0.5,0.9,3.8,4,2.4,3.665,3.731,1.8,0.94,0.9,6.78274815966979,7.47883494644889
"153",153,"k",25,11,10,9,2,0,0,17,15,13,19,14,18,"F",4,3,NA,NA,4,3,3,0,9,2,119,24,8,0,57,58,52,24,35,0.266666666666667,0.833333333333333,3.6,4.8,4.4,4,4.2,5.994,0.8,0.84,6.7559987024,7.2977993715431
"154",154,"m",20,13,17,10,4,15,28,23,20,12,29,21,26,"F",4,5,NA,NA,4,5,5,1,11,6,151,37,30,0,54,23,35,38,29,0.533333333333333,0.933333333333333,4,5.4,8,3,5.6,3.6,0.94,0.96,5.3538346805949,5.89959828192104
"155",155,"m",35,9,10,7,0,11,19,20,17,16,17,17,18,"F",1,0,NA,NA,1,0,4,0,5,0,113,11,11,0,38,55,42,29,32,0.233333333333333,0.7,3.4,5.4,6,1.335,0.938,3.6,0.72,0.62,5.60381740725611,7.55315021265226
"156",156,"k",24,12,9,7,0,0,0,27,13,18,21,16,22,"M",NA,NA,2,2,2,2,2,2,7,3,142,16,10,0,57,53,54,32,30,0.2,0.866666666666667,3,4.4,2.2,2,2.8,-2.394,0.82,0.72,6.74800495421098,8.35916173882472
"157",157,"m",21,14,13,13,6,7,13,28,6,25,11,17,14,"M",NA,NA,6,4,6,4,4,2,3,0,161,17,0,0,15,45,63,27,22,0.3,0.833333333333333,4,5.8,5.4,4.335,6.069,7.2,0.92,0.98,5.43991050526957,5.99824286446388
"158",158,"k",20,9,10,6,2,0,0,5,26,26,20,18,26,"M",NA,NA,5,3,5,3,4,2,11,7,133,16,4,0,62,19,22,20,32,0.2,0.811111111111111,1.2,1.2,1.8,4,4.2,3.6,0.84,0.78,4.88360111704405,7.3480309352741
"159",159,"k",23,13,15,9,3,13,25,19,16,22,14,22,18,"M",NA,NA,5,6,5,6,6,4,8,7,131,8,5,0,38,12,9,19,39,0.4,0.733333333333333,4,4.8,5.4,3.665,6.062,7.803,0.62,0.74,6.1946894760171,6.10414076723162
"160",160,"k",20,5,11,5,1,12,20,19,22,14,20,12,22,"M",NA,NA,2,0,2,0,0,0,4,0,112,28,21,0,67,18,13,31,29,0.233333333333333,0.744444444444444,2.6,4,3.6,2.665,2.8,1.8,0.38,0.36,3.27771124000574,3.32573044143661
"161",161,"k",34,15,16,12,5,0,0,32,4,32,5,32,4,"M",NA,NA,6,4,6,4,6,5,10,6,125,42,37,0,49,39,40,31,24,0.333333333333333,0.855555555555555,4,5.8,8,3.665,5.6,5.994,0.98,0.96,4.86914059921531,5.69119910538021
"162",162,"k",18,10,9,9,1,16,27,26,21,19,22,22,19,"M",NA,NA,5,0,5,0,1,0,1,0,167,6,1,1,72,12,33,34,27,0.433333333333333,0.855555555555555,2.8,3.2,2.6,3.33,0.931,3.6,0.62,0.52,5.08523268675129,5.91485877246
"163",163,"m",40,11,11,7,2,16,20,16,19,13,23,13,23,"M",NA,NA,5,3,5,3,2,3,3,0,115,29,22,0,48,36,42,35,37,0.166666666666667,0.9,3.4,1.8,2.4,1.665,0,3.006,0.32,0.34,1.26835596843062,1.42122523853147
"164",164,"k",21,15,15,9,4,22,20,32,12,32,5,21,21,"M",NA,NA,3,3,3,3,4,0,5,4,145,3,16,0,54,52,36,24,33,0.2,0.844444444444444,3.2,3.6,3.6,4.33,2.331,2.997,0.9,0.8,6.44156888284867,6.16424529176175
"165",165,"k",20,10,14,10,7,12,17,28,13,17,24,29,6,"M",NA,NA,4,2,4,2,4,3,6,2,149,21,1,1,20,0,33,12,31,0.166666666666667,0.711111111111111,3.8,4.8,4.4,3.665,4.669,3.6,0.92,0.78,6.37450135966283,7.49670283783667
"166",166,"k",21,13,12,7,2,18,18,16,22,14,22,25,13,"M",NA,NA,4,2,4,2,2,0,8,7,108,13,7,1,48,45,56,32,34,0.333333333333333,0.6,3.6,3.4,3,2.33,3.269,4.797,0.64,0.64,4.64214822472681,5.88595744832537
"167",167,"m",20,9,16,7,0,0,0,17,18,14,20,12,22,"F",4,3,NA,NA,4,3,0,1,5,4,113,27,24,0,56,43,45,36,38,0.166666666666667,0.7,3,2.8,4,2,1.4,1.197,0.42,0.32,1.72837286468047,1.65063524356285
"168",168,"m",37,6,4,1,0,15,24,19,14,15,18,11,27,"F",3,0,NA,NA,3,0,0,0,0,0,NA,NA,NA,NA,NA,NA,NA,NA,NA,0.3,0.822222222222222,1.8,2.4,1.2,1.335,0,4.9960036108132e-16,0.4,0.5,5.48298438840145,7.6862034479004
"169",169,"m",24,14,14,10,6,28,29,27,29,28,28,27,28,"F",5,5,NA,NA,5,5,3,0,7,1,148,41,37,0,48,27,59,45,36,0.266666666666667,0.7,3.4,4.8,5.4,4.335,1.869,4.806,0.54,0.6,5.75857583248148,6.56028868628547
"170",170,"k",20,12,14,11,3,17,23,22,17,26,18,20,19,"F",4,4,NA,NA,4,4,0,0,1,8,143,22,22,0,56,37,44,36,40,0.333333333333333,0.722222222222222,2.6,4.2,4.2,2.335,0.938000000000001,4.203,0.88,0.76,5.90186420786886,6.76709957001552
"171",171,"k",22,16,15,14,6,4,23,31,4,12,27,23,12,"F",5,2,NA,NA,5,2,3,2,7,4,136,32,34,0,30,10,3,23,19,0.566666666666667,0.922222222222222,4,5.6,5.8,4.665,3.738,4.194,0.96,0.92,5.07929420684583,6.19730075852848
"172",172,"k",24,13,10,8,2,13,26,24,7,11,29,22,17,"F",3,2,NA,NA,3,2,2,3,7,8,134,42,26,0,93,58,50,21,35,0.333333333333333,0.888888888888889,3.8,3.6,3.6,4.665,5.131,5.4,0.24,0.44,6.84934411056083,7.43385717079682
"173",173,"m",28,10,13,9,0,24,8,20,9,24,7,25,17,"F",4,0,NA,NA,4,0,1,0,7,0,154,24,30,1,83,87,81,24,28,0.166666666666667,0.911111111111111,3.8,3.6,4.4,4.335,3.731,5.994,0.44,0.38,6.65510436160091,6.58131832191474
"174",174,"k",21,17,16,12,5,11,23,29,10,22,12,11,25,"F",5,1,NA,NA,5,1,5,1,15,0,137,16,4,1,36,24,43,19,24,0.333333333333333,0.755555555555556,3.6,5.4,6.6,4.665,5.6,2.403,0.98,0.94,5.5188364880198,6.8500186340866
"175",175,"k",34,11,9,11,0,23,24,23,21,21,18,25,25,"F",2,2,NA,NA,2,2,1,0,6,0,122,8,7,1,52,65,64,29,33,0.333333333333333,0.844444444444444,3.4,1.4,3.2,3,2.8,4.9960036108132e-16,0.3,0.5,2.5377736997638,2.32266129497792
"176",176,"m",27,18,18,16,7,0,0,32,13,32,18,31,15,"F",5,2,NA,NA,5,2,5,2,10,4,133,14,18,0,16,10,43,27,30,0.4,0.966666666666667,3.4,4.8,6.6,4.665,6.531,5.994,0.94,0.94,6.64706874255723,6.45739436743596
"177",177,"k",29,9,9,6,1,20,28,25,21,21,27,25,27,"M",NA,NA,0,0,0,0,0,1,6,1,137,8,15,0,61,8,62,29,39,0,0.833333333333333,4,3.8,4,4.33,5.131,3.6,0.46,0.56,7.70472782717261,7.78913801876464
"178",178,"k",23,12,14,9,1,4,16,32,6,14,17,19,16,"M",NA,NA,4,3,4,3,0,0,5,1,117,17,5,0,57,21,61,46,40,0.333333333333333,0.677777777777778,2,3.6,2.2,2.335,2.8,2.997,0.72,0.58,5.494999907884,7.02814443167793
"179",179,"k",25,12,14,12,4,0,0,18,22,21,23,16,21,"M",NA,NA,3,2,3,2,3,1,10,4,128,34,18,0,48,35,45,33,25,0.166666666666667,0.855555555555555,2.8,4.2,4.6,3.33,4.2,2.403,0.86,0.78,6.37753696973,7.68687146366051
"180",180,"k",32,13,14,10,3,20,24,19,20,21,14,19,17,"M",NA,NA,3,2,3,2,3,3,8,4,134,41,26,0,44,39,51,26,29,0.233333333333333,0.877777777777778,3.2,4.8,5.4,3.665,4.669,4.203,0.92,0.84,5.29191593802478,6.31763600288453
"181",181,"m",20,17,15,8,7,23,17,28,8,27,9,24,9,"M",NA,NA,5,2,5,2,5,2,10,3,135,8,7,1,37,24,28,20,20,0.266666666666667,0.888888888888889,3.2,5.6,4,3.335,3.731,1.197,0.84,0.68,5.77541615425048,6.97283014652706
"182",182,"k",29,16,16,11,6,0,0,31,6,19,18,26,13,"F",5,2,NA,NA,5,2,5,0,7,1,142,38,31,0,54,44,62,23,35,0.6,0.688888888888889,3.8,4.8,3.8,2,3.88578058618805e-16,1.8,0.9,0.86,6.314338155702,6.45485742442116
