,AVG_PUP_SIZE_EASY,AVG_PUP_SIZE_HARD,AVG_PUP_SIZE_MEDIUM,NT_EASY,NT_HARD,NT_MEDIUM,Part_id,RFRF_EASY,RFRF_HARD,RFRF_MEDIUM,RTM_EASY,RTM_HARD,RTM_MEDIUM,RV_AVG_DUR_EASY_BIG_ERROR_3,RV_AVG_DUR_EASY_BIG_ERROR_4,RV_AVG_DUR_EASY_CONTROL_3,RV_AVG_DUR_EASY_CONTROL_4,RV_AVG_DUR_EASY_CORR_3,RV_AVG_DUR_EASY_CORR_4,RV_AVG_DUR_EASY_SMALL_ERROR_3,RV_AVG_DUR_EASY_SMALL_ERROR_4,RV_AVG_DUR_HARD_BIG_ERROR_3,RV_AVG_DUR_HARD_BIG_ERROR_4,RV_AVG_DUR_HARD_CONTROL_3,RV_AVG_DUR_HARD_CONTROL_4,RV_AVG_DUR_HARD_CORR_3,RV_AVG_DUR_HARD_CORR_4,RV_AVG_DUR_HARD_SMALL_ERROR_3,RV_AVG_DUR_HARD_SMALL_ERROR_4,RV_AVG_DUR_MEDIUM_BIG_ERROR_3,RV_AVG_DUR_MEDIUM_BIG_ERROR_4,RV_AVG_DUR_MEDIUM_CONTROL_3,RV_AVG_DUR_MEDIUM_CONTROL_4,RV_AVG_DUR_MEDIUM_CORR_3,RV_AVG_DUR_MEDIUM_CORR_4,RV_AVG_DUR_MEDIUM_SMALL_ERROR_3,RV_AVG_DUR_MEDIUM_SMALL_ERROR_4,RV_SUM_FIX_EASY_BIG_ERROR_3,RV_SUM_FIX_EASY_BIG_ERROR_4,RV_SUM_FIX_EASY_CONTROL_3,RV_SUM_FIX_EASY_CONTROL_4,RV_SUM_FIX_EASY_CORR_3,RV_SUM_FIX_EASY_CORR_4,RV_SUM_FIX_EASY_SMALL_ERROR_3,RV_SUM_FIX_EASY_SMALL_ERROR_4,RV_SUM_FIX_HARD_BIG_ERROR_3,RV_SUM_FIX_HARD_BIG_ERROR_4,RV_SUM_FIX_HARD_CONTROL_3,RV_SUM_FIX_HARD_CONTROL_4,RV_SUM_FIX_HARD_CORR_3,RV_SUM_FIX_HARD_CORR_4,RV_SUM_FIX_HARD_SMALL_ERROR_3,RV_SUM_FIX_HARD_SMALL_ERROR_4,RV_SUM_FIX_MEDIUM_BIG_ERROR_3,RV_SUM_FIX_MEDIUM_BIG_ERROR_4,RV_SUM_FIX_MEDIUM_CONTROL_3,RV_SUM_FIX_MEDIUM_CONTROL_4,RV_SUM_FIX_MEDIUM_CORR_3,RV_SUM_FIX_MEDIUM_CORR_4,RV_SUM_FIX_MEDIUM_SMALL_ERROR_3,RV_SUM_FIX_MEDIUM_SMALL_ERROR_4,TR_EASY,TR_HARD,TR_MEDIUM
0,1136.6875572299064,1138.6297838792093,1127.7537358895265,172,160,188,25,0.08193111687853552,0.10386708021395293,0.06251400656119308,0.34344814485149483,0.3048937833348565,0.3103098724970124,2700.4285714285716,2680.714285714286,1287.7142857142858,1418.4285714285713,3525.1428571428573,3150.1428571428573,1341.5,1323.0,3814.8571428571427,2470.214285714286,2718.285714285714,3257.714285714286,4036.714285714286,3827.1428571428573,2462.5,3162.4285714285716,4042.785714285714,2502.6428571428573,2440.285714285714,2060.4285714285716,4290.428571428572,2278.4285714285716,4604.642857142857,3034.3571428571427,173,176,44,51,121,93,94,83,250,171,94,102,139,126,159,205,260,159,84,67,137,79,292,195,0.19314901457110897,0.15840489581112416,0.22422698579586176
1,1118.220973292686,1108.638307304461,1116.0426077627594,72,124,113,36,0.11426235965612863,0.08602003107896683,0.13348742570852587,0.3977827739882704,0.34759427314120783,0.38508259719744403,701.4285714285714,470.42857142857144,589.7142857142857,207.57142857142858,3348.8571428571427,2382.8571428571427,1406.7857142857142,1144.2857142857142,2956.285714285714,3528.214285714286,1534.142857142857,1155.142857142857,4527.857142857143,4175.571428571428,2139.5714285714284,4062.0714285714284,1693.5714285714287,939.2142857142857,1393.857142857143,421.14285714285717,3760.8571428571427,4345.428571428572,2458.4285714285716,2072.1428571428573,45,27,18,8,83,59,82,61,151,208,45,34,108,118,122,243,97,56,42,13,112,99,135,120,0.1542175588655431,0.1258314912914294,0.15133262207236942
2,1257.6321013330921,1245.269397694501,1257.7645972811767,81,88,78,115,0.0790342599296793,0.08090702276775383,0.0707195414547822,0.18382152745395883,0.2694473170933697,0.24265627358436023,3372.5,3223.785714285714,2357.5714285714284,4455.142857142857,3896.285714285714,3491.8571428571427,4260.5,2981.5,2673.6428571428573,4020.1428571428573,3144.714285714286,2222.714285714286,3298.1428571428573,3046.714285714286,2934.4285714285716,3008.8571428571427,3257.3571428571427,3695.9285714285716,2103.0,1715.2857142857142,7056.714285714285,4846.428571428572,3440.785714285714,3552.6428571428573,196,190,68,142,112,93,228,169,164,230,91,68,96,97,202,185,188,207,59,52,221,132,198,209,0.05924771685874285,0.06264743203690606,0.07073495804820296
3,1578.0606171604506,1592.4549994395668,1570.2054163471507,103,333,308,131,0.10739528724211689,0.035798858276129344,0.07658890375033327,0.3100683298290865,0.30199683345577677,0.25940315010980586,1389.7857142857142,881.6428571428571,1256.2857142857142,619.7142857142857,3652.714285714286,2046.857142857143,1114.0,887.7142857142857,4869.714285714285,4024.714285714286,3898.4285714285716,2136.1428571428573,3795.4285714285716,6079.428571428572,4482.357142857143,3676.0,2159.0,1390.0714285714287,1713.7142857142858,619.7142857142857,6955.142857142857,5125.571428571428,7186.285714285715,6416.714285714285,109,66,46,24,117,71,80,65,349,287,142,88,134,213,309,265,156,97,59,30,226,185,500,451,0.22680461301439434,0.2284201614507094,0.2366060076340048
4,1093.1898223071862,1086.9650526392466,1114.7117500821228,64,58,82,59,0.09181722097982326,0.12750909140859396,0.1131409680794724,0.31549511087598275,0.3210634898261955,0.2978534969436626,927.0,1385.5714285714287,547.1428571428571,1233.2857142857142,3103.5714285714284,1353.4285714285713,1263.7142857142858,1224.642857142857,1469.857142857143,1857.142857142857,1862.857142857143,1359.7142857142858,1718.4285714285713,1931.857142857143,1874.857142857143,2136.214285714286,2390.5714285714284,1067.4285714285713,1837.857142857143,1019.2857142857143,3484.4285714285716,2747.8571428571427,3318.714285714286,3074.785714285714,58,86,23,44,89,39,90,82,96,124,53,40,57,61,99,133,155,71,63,33,108,81,206,185,0.10802025997626265,0.0844923088541906,0.09805797704878544
5,985.9021106093902,919.8024096853209,978.4126711368812,96,102,96,128,0.0947805176482473,0.1136910010880204,0.07646947306452889,0.2156828556191614,0.19226965366134488,0.19170227348895721,1682.857142857143,1582.0714285714287,2388.8571428571427,1114.857142857143,4165.285714285715,3965.5714285714284,2314.6428571428573,1603.2857142857142,1764.7857142857142,1424.642857142857,4059.5714285714284,1923.857142857143,1123.7142857142858,1883.7142857142858,2100.0714285714284,975.3571428571429,2152.714285714286,1334.7857142857142,2386.4285714285716,1066.5714285714287,2930.285714285714,582.4285714285714,2332.5714285714284,1675.357142857143,94,82,69,34,120,104,133,87,98,83,109,52,33,49,115,59,117,75,66,33,81,16,131,91,0.09419279386154868,0.12742686787515062,0.0958351642171091
6,1098.8730999445215,1119.4898518063121,1127.50738830863,87,113,117,81,0.20392587261566816,0.10744837432347545,0.10595535395092377,0.18037085517195833,0.13392623655599376,0.15957605547834336,1418.4285714285713,809.5714285714286,1525.4285714285713,705.4285714285714,2854.0,2932.4285714285716,2263.214285714286,783.8571428571429,2636.6428571428573,3038.0714285714284,1219.5714285714287,2311.714285714286,3928.714285714286,4328.571428571428,2428.214285714286,3191.8571428571427,1710.5714285714287,1950.642857142857,2023.4285714285713,1130.5714285714287,4383.0,5064.285714285715,3593.1428571428573,2173.214285714286,86,57,51,21,84,75,142,54,151,169,39,66,114,129,147,201,107,111,57,40,128,142,216,126,0.12792050671677624,0.09817556215627281,0.09392493455562015
7,1509.5557245362186,1519.910068023515,1480.165400528717,87,102,90,37,0.049774992550421,0.06793010627275103,0.023436624643173042,0.2482841129518197,0.23432429879315275,0.231443093319179,740.5,651.3571428571429,798.5714285714286,954.0,3219.4285714285716,4315.142857142857,1467.5,1614.5,2728.5714285714284,2828.5714285714284,1511.5714285714287,856.8571428571429,3910.8571428571427,3733.8571428571427,1535.5,1675.7142857142858,866.7857142857143,720.0714285714286,823.0,395.57142857142856,4390.857142857143,3849.285714285714,2785.4285714285716,2347.0,60,55,36,39,90,132,105,120,204,209,52,33,126,128,121,129,60,58,34,19,150,113,211,178,0.17848587716950898,0.1456991933682523,0.14922505963109822
8,1577.6202545088167,1625.4858530652339,1582.4873542043954,153,175,161,74,0.07069021951631614,0.04479796301042716,0.10065463347513741,0.27604167001828717,0.21083273940083974,0.30253101778650615,1509.9285714285713,1855.0,1625.857142857143,1376.2857142857142,5702.0,6329.571428571428,1919.642857142857,2749.785714285714,3644.8571428571427,3053.285714285714,2480.1428571428573,1912.5714285714287,3627.285714285714,2119.4285714285716,2611.285714285714,3868.4285714285716,2730.4285714285716,826.2857142857143,1371.2857142857142,1011.2857142857143,4305.428571428572,3852.285714285714,5043.357142857143,3572.285714285714,89,110,45,48,159,173,114,150,211,164,69,56,101,52,139,217,162,59,45,25,125,117,282,213,0.15877047585907972,0.16446344564120066,0.18671962195526126
9,1362.148103507709,1353.9071966771062,1362.1885208944125,66,50,62,55,0.12852515418111354,0.12461476136679579,0.10580776982715417,0.2656126774344782,0.21024364516691288,0.24605412345700706,804.2857142857143,513.7142857142857,455.2857142857143,630.1428571428571,2279.0,2063.714285714286,1186.7142857142858,703.6428571428571,2318.6428571428573,1335.2857142857142,1176.5714285714287,343.7142857142857,3234.1428571428573,2304.1428571428573,1249.857142857143,2105.6428571428573,956.7142857142857,274.5,1284.0,302.7142857142857,3108.5714285714284,3034.1428571428573,2428.785714285714,2085.714285714286,77,48,24,32,95,75,113,73,229,138,56,18,150,111,127,201,91,28,49,17,139,135,231,211,0.16899412642600845,0.08416276837502416,0.111074868426745
10,1005.4838816713194,1007.1727669168131,1032.3806036258336,115,112,97,76,0.04177318786517855,0.034442742752703814,0.03192871207617534,0.2688969936697199,0.25429933008166083,0.27075598958667374,2574.214285714286,1689.0714285714287,1530.142857142857,1078.5714285714287,4778.0,3659.8571428571427,2282.4285714285716,2354.1428571428573,2140.8571428571427,2410.8571428571427,1928.4285714285713,1606.7142857142858,4668.142857142857,5452.714285714285,1687.7142857142858,3006.5,1804.0,2175.785714285714,2587.8571428571427,1825.857142857143,3060.1428571428573,4070.8571428571427,2815.285714285714,2672.714285714286,159,116,52,37,137,97,136,149,132,155,56,49,137,166,122,183,118,123,87,60,85,113,166,157,0.11204731549413476,0.0976431313008537,0.08854380100031471
11,1132.6229399113572,1133.4228885230593,1157.9041922762594,108,153,156,169,0.11942546977961072,0.07982765350959747,0.11512041632263328,0.33325823718197145,0.28484017542779017,0.27770949278962614,927.0,1698.7857142857142,721.7142857142857,1334.857142857143,5956.571428571428,5357.142857142857,2327.285714285714,2581.6428571428573,5139.285714285715,3403.0714285714284,2196.714285714286,2235.1428571428573,5274.857142857143,6988.428571428572,4466.571428571428,4218.214285714285,1603.0714285714287,2440.285714285714,1673.2857142857142,1711.142857142857,5913.571428571428,7147.571428571428,4245.142857142857,4619.071428571428,66,126,28,51,163,162,157,166,328,216,75,76,163,233,298,275,111,157,59,54,166,215,281,286,0.10504072592391854,0.1110007178545188,0.11963988985410935
12,1410.4768577225252,1502.4036162593952,1420.243655767868,17,22,26,40,0.3287940423178994,0.2825620035592226,0.21216661451810878,0.24635994232929936,0.210091225222428,0.23396342065955097,850.1428571428571,195.07142857142858,566.0,256.0,730.7142857142857,707.1428571428571,1089.4285714285713,514.3571428571429,879.3571428571429,725.5714285714286,192.42857142857142,728.0,949.4285714285714,1063.7142857142858,565.0,806.4285714285714,986.7857142857143,553.4285714285714,1016.7142857142857,688.8571428571429,1527.857142857143,1317.857142857143,995.7142857142857,717.7857142857143,48,12,23,8,23,20,68,32,50,46,8,25,30,30,30,59,73,40,29,24,52,40,65,45,0.02902188373281008,0.03407328439497097,0.03556652188260936
13,1341.5427801529968,1325.0853609917394,1277.8144277389422,12,25,25,43,0.16744115896826245,0.083957054402286,0.10972255605873678,0.10618776712030512,0.12453052965350224,0.1056659105521825,1198.2142857142858,1146.2857142857142,775.1428571428571,1704.7142857142858,627.2857142857143,1015.2857142857143,469.07142857142856,1295.357142857143,898.9285714285714,314.14285714285717,2760.285714285714,596.0,1344.857142857143,1324.2857142857142,883.3571428571429,818.5714285714286,1205.857142857143,1884.0714285714287,1242.142857142857,1110.2857142857142,1906.7142857142858,1538.2857142857142,1311.5,721.4285714285714,72,66,25,58,20,28,32,70,59,20,37,23,29,34,58,46,79,49,40,33,63,36,80,45,0.010660798024242735,0.023638155281405837,0.024262233890874847
14,1927.5883742991543,1890.5253052936084,1843.1153984539978,113,94,106,108,0.07892956129551247,0.07771410609031557,0.11216137039008525,0.20450943207668856,0.15507145997354074,0.20514198067051626,464.35714285714283,1179.7857142857142,1640.7142857142858,878.7142857142857,4388.714285714285,2836.4285714285716,1371.142857142857,1200.0,2037.2142857142858,1863.5714285714287,589.5714285714286,682.8571428571429,3169.0,2157.285714285714,1254.2857142857142,1120.0,1199.4285714285713,931.0714285714286,788.8571428571429,808.8571428571429,2295.4285714285716,3790.4285714285716,1733.5,1670.642857142857,39,88,64,36,147,99,104,97,154,138,24,26,117,80,93,85,101,71,32,29,77,137,131,126,0.11326053266613641,0.08119783890192696,0.10314852476400754
15,1025.2678733874054,1033.6606279719258,1056.9981332045486,206,254,228,107,0.0555544281856531,0.0508265040264877,0.0035549914829139414,0.38342273580411074,0.3475186525655701,0.3445165688366156,3478.785714285714,1557.7857142857142,3809.714285714286,1710.5714285714287,6985.571428571428,8720.57142857143,4322.142857142857,1789.357142857143,4791.571428571428,3690.5714285714284,4137.142857142857,1988.857142857143,2596.285714285714,5492.857142857143,5856.214285714285,2762.1428571428573,2646.5,2494.1428571428573,2408.1428571428573,1236.5714285714287,5684.428571428572,3330.0,4630.357142857143,7293.857142857143,207,99,119,47,205,247,240,123,300,226,130,57,83,155,328,170,172,150,78,40,177,94,278,425,0.22120831557445714,0.19057781879109958,0.19157127348248137
16,1357.290539556913,1302.8912707437428,1373.6737739259152,107,101,68,172,0.09459921599246199,0.04474460525823961,0.05810436520002888,0.28837800734388286,0.15691666826580628,0.15044288276550788,2446.785714285714,1576.9285714285713,2501.4285714285716,2637.285714285714,1241.5714285714287,2188.4285714285716,2587.5714285714284,1337.2857142857142,2028.7142857142858,1453.642857142857,2223.5714285714284,1311.142857142857,1488.4285714285713,3067.8571428571427,3025.5714285714284,2837.9285714285716,2700.1428571428573,1427.7857142857142,2650.714285714286,1244.142857142857,2252.1428571428573,1472.5714285714287,1627.9285714285713,2386.214285714286,194,103,95,88,46,74,191,105,150,101,93,44,57,104,194,201,197,103,85,50,84,53,138,154,0.13083247523095679,0.07336967499118761,0.05678413408260824
17,873.8963219759098,885.1869168318984,871.7721403931434,139,123,114,162,0.10845640532027422,0.11242371428204062,0.20849126505893015,0.3020264870328354,0.2840974634795754,0.3099037602864543,2189.4285714285716,1690.5714285714287,871.0,1834.4285714285713,5090.0,4804.0,1702.2857142857142,2594.214285714286,2961.6428571428573,2278.6428571428573,4854.714285714285,1745.2857142857142,3183.1428571428573,3272.5714285714284,2172.0714285714284,2060.6428571428573,1595.642857142857,1508.9285714285713,1340.4285714285713,527.2857142857143,4115.714285714285,4254.571428571428,2999.785714285714,3351.214285714286,141,107,25,55,130,144,105,155,181,137,149,54,99,95,126,128,102,82,47,16,119,125,184,191,0.15338183421528906,0.13045762480722092,0.1260400594814691
18,2526.1296884557523,2748.769424645778,2666.624595146917,21,28,24,142,0.051888286791859174,0.0025522252724408116,0.02585641755857866,0.11803005866517735,0.10400585202826042,0.10173710010492364,271.2142857142857,280.57142857142856,214.57142857142858,179.14285714285714,197.71428571428572,873.5714285714286,263.0,1023.5714285714286,959.9285714285714,818.0714285714286,352.42857142857144,546.0,819.4285714285714,541.4285714285714,937.4285714285714,507.07142857142856,333.2142857142857,438.92857142857144,324.0,738.4285714285714,1485.4285714285713,426.57142857142856,675.2142857142857,612.4285714285714,26,25,7,7,7,30,20,71,67,55,12,19,27,21,63,41,30,32,18,27,50,17,43,54,0.034192733231738506,0.03325374947805618,0.03599083757138892
19,1076.6508195689787,1103.1404525358705,1093.5044203494197,161,197,210,159,0.06228061551783793,0.06737300394648205,0.048901536334703816,0.27156890216915547,0.26034155137955306,0.2749746209193727,2199.5714285714284,2028.0,2419.8571428571427,821.2857142857143,5440.571428571428,4481.0,3237.785714285714,1776.5714285714287,2280.0714285714284,5053.285714285715,1372.142857142857,1543.142857142857,4322.0,5734.142857142857,3489.0,3665.1428571428573,1253.4285714285713,1875.0,920.5714285714286,2107.714285714286,6156.0,8551.42857142857,3067.285714285714,4696.857142857143,153,129,85,31,169,122,214,112,150,316,48,57,129,183,231,244,86,128,35,75,191,251,200,304,0.21182092818395173,0.19150552300604512,0.21765801128182535
20,1797.8756184566766,1809.5625383544389,1803.4678369980027,21,37,56,136,0.2577550324371156,0.1540523449307317,0.10684574105664704,0.12287244758338843,0.11117185202607717,0.11586362216909854,1132.2142857142858,455.85714285714283,674.7142857142857,376.7142857142857,1612.7142857142858,1834.0,1500.4285714285713,435.57142857142856,1265.4285714285713,1040.5,1353.0,643.0,1421.7142857142858,1633.857142857143,1382.7142857142858,1719.0714285714287,1178.9285714285713,653.2142857142857,704.0,714.1428571428571,2039.4285714285713,2297.5714285714284,1766.857142857143,2151.285714285714,74,36,24,16,50,62,108,34,86,76,51,26,50,56,104,121,83,47,26,29,74,81,123,157,0.027041158215622783,0.03392516598182943,0.04888686759896263
21,1328.4282625828132,1453.0372994167112,1464.6498957122021,91,127,124,140,0.04410923894552222,0.030444770971970077,0.08936997198955023,0.20534519840332927,0.2572114271252497,0.26874940141516235,1988.9285714285713,2027.9285714285713,1162.4285714285713,1295.142857142857,1345.142857142857,1721.142857142857,1089.857142857143,2623.714285714286,1678.4285714285713,1831.857142857143,2220.4285714285716,3123.0,1769.857142857143,1402.7142857142858,1278.7142857142858,1283.9285714285713,2051.214285714286,1740.642857142857,2476.1428571428573,943.1428571428571,1300.857142857143,3464.4285714285716,3049.0,1749.0,132,90,33,35,41,43,61,103,99,97,69,74,54,39,77,83,133,114,80,31,37,102,177,113,0.16536648720976074,0.21497197339264984,0.18657928321751374
22,1369.0712551661604,1346.8820592504987,1367.5702947866987,119,162,177,46,0.07765117555455257,0.08230453358913656,0.06983616165923416,0.2889042752890197,0.3140858690276085,0.28761693207177375,1241.642857142857,659.0,1029.142857142857,351.2857142857143,5263.857142857143,2482.8571428571427,2795.9285714285716,1283.642857142857,3037.3571428571427,3836.1428571428573,1796.4285714285713,1787.0,4584.142857142857,5096.428571428572,2308.8571428571427,3533.5714285714284,2087.6428571428573,1482.5714285714287,1258.857142857143,1285.4285714285713,5379.857142857143,7979.857142857143,3915.5,4252.428571428572,87,44,38,14,171,84,186,89,202,260,58,66,156,154,153,235,154,97,48,45,182,264,257,277,0.17657099518452515,0.16724157342665566,0.15349559932552398
23,2153.62944130043,2128.383059940435,2130.3390221559657,165,220,235,28,0.11226888432474721,0.07945702583614246,0.062467582358650825,0.2684679634907958,0.25722605026762235,0.258775305689761,1300.857142857143,1064.357142857143,1233.2857142857142,1085.2857142857142,8578.0,8211.714285714286,2281.9285714285716,1495.5714285714287,4117.142857142857,4716.857142857143,5922.857142857143,3070.8571428571427,5043.428571428572,3506.1428571428573,5016.428571428572,4345.857142857143,2607.4285714285716,2278.0714285714284,2045.2857142857142,2280.4285714285716,9340.42857142857,9382.142857142857,3892.0714285714284,4231.642857142857,91,63,41,32,200,201,141,92,238,273,150,88,151,104,274,254,168,133,61,67,246,271,235,264,0.16168459656966677,0.1435773772809145,0.16954301385093196
24,1548.7762365357423,1574.1435636025806,1550.110375982828,157,158,159,129,0.060285257841725476,0.09093837906256133,0.04023826632665113,0.22015176615481596,0.20343767146080158,0.22421588319949132,2970.0,624.5,3366.4285714285716,586.4285714285714,4310.142857142857,4684.571428571428,3686.6428571428573,1146.7857142857142,1829.2142857142858,2605.714285714286,1209.5714285714287,1476.7142857142858,2103.5714285714284,3029.5714285714284,1395.0714285714287,2622.214285714286,2528.8571428571427,2129.4285714285716,2386.4285714285716,1465.857142857143,2442.285714285714,3621.5714285714284,2182.5,3034.8571428571427,165,38,84,15,97,104,184,59,83,144,27,42,63,72,72,130,136,124,63,43,59,78,94,144,0.19616135712229846,0.21001321170317894,0.21342643846740933
25,1187.6698560416305,1205.7973312672698,1199.0168873881776,63,178,190,119,0.11962962397029836,0.051184675426789096,0.051748515680701414,0.25315637098177,0.23889543952078393,0.23015098858204924,3444.714285714286,734.4285714285714,3357.285714285714,383.2857142857143,3667.4285714285716,1137.7142857142858,2556.3571428571427,631.7857142857143,4950.0,4286.928571428572,4388.571428571428,4498.428571428572,7660.285714285715,7457.285714285715,6026.357142857143,3763.6428571428573,3226.5714285714284,2226.3571428571427,4005.714285714286,2529.714285714286,8497.142857142857,10240.714285714286,7963.5,7382.071428571428,223,48,112,17,112,39,180,44,301,292,138,150,237,233,389,261,222,147,140,74,268,322,490,475,0.11734603291702421,0.12213292884485455,0.1451892790805267
26,969.2820935702467,984.5064314554091,977.5843131459432,45,122,74,79,0.11421544322877313,0.03588489016667254,0.08262423191920586,0.10410444790191827,0.11518043217203597,0.12933621329776623,453.35714285714283,420.64285714285717,314.85714285714283,397.7142857142857,2378.285714285714,3009.0,1121.5,783.0,1124.9285714285713,2562.785714285714,1518.4285714285713,1764.857142857143,4369.571428571428,4479.571428571428,1844.2142857142858,2220.214285714286,1432.142857142857,797.1428571428571,1579.4285714285713,864.8571428571429,3736.4285714285716,2034.7142857142858,2096.6428571428573,1892.7142857142858,33,31,12,19,53,79,80,53,74,139,51,48,129,117,119,143,97,54,52,29,105,52,140,116,0.0658935249396768,0.1109270175167621,0.07331254765670131
27,1356.2645928632228,1365.6394417489068,1361.3196468609272,116,230,176,139,0.24542889842873553,0.08119494388046238,0.10910420196129207,0.3707357282564441,0.3228650374667101,0.2816174302959227,2644.0,1931.4285714285713,2520.285714285714,1119.4285714285713,7274.142857142857,5523.142857142857,3510.5,1452.857142857143,6051.285714285715,4755.571428571428,2900.8571428571427,3002.5714285714284,7385.142857142857,5596.285714285715,3750.9285714285716,5788.428571428572,2959.714285714286,2128.9285714285716,1965.0,1967.5714285714287,7412.714285714285,7999.571428571428,7574.571428571428,7255.714285714285,148,104,69,39,165,139,197,86,310,255,78,79,191,154,201,301,150,114,58,57,193,201,406,377,0.1431640805272694,0.1699690284376943,0.11852783858220574
28,1134.8646308122572,1179.6699077389906,1151.3503675314546,322,344,321,145,0.008266593603625107,0.011015096508606603,0.0267178896513767,0.3700946490618031,0.3497604946893293,0.34195820287168005,1884.4285714285713,2870.6428571428573,1548.857142857143,1645.4285714285713,6273.714285714285,6157.142857142857,4125.5,2698.1428571428573,3952.6428571428573,4205.928571428572,3225.1428571428573,3761.4285714285716,4026.1428571428573,6624.285714285715,4301.857142857143,6679.142857142857,3182.6428571428573,2411.785714285714,3533.0,1980.2857142857142,6106.285714285715,7201.0,4504.428571428572,4316.785714285715,127,167,51,57,182,174,247,155,237,267,101,97,125,190,263,399,194,156,109,62,173,204,263,260,0.2731776621887608,0.2616123445844153,0.24460093483421047
29,1202.7563293367798,1183.148946199219,1240.449022211264,158,245,179,96,0.049243003843835925,0.0689190967591442,0.07001469716807933,0.23162308806511883,0.19524298867406648,0.270360635318212,2738.285714285714,1006.2857142857143,1847.5714285714287,1106.4285714285713,9158.857142857143,5498.571428571428,2607.0,1750.5714285714287,5427.857142857143,3928.1428571428573,5249.428571428572,2415.8571428571427,5886.428571428572,6420.571428571428,5910.642857142857,4467.071428571428,2538.5714285714284,2901.5714285714284,1787.4285714285713,2736.0,7760.285714285715,7065.142857142857,5770.928571428572,4098.142857142857,132,58,51,29,217,133,128,89,279,200,137,61,147,166,300,229,123,154,49,71,202,175,294,206,0.17204127470648495,0.17018604565786094,0.16240709611608697
30,1115.7154676218254,1118.9586284268569,1168.8378955316518,53,73,128,134,0.17193993402711777,0.14014345147942248,0.07381788861607361,0.305305456409302,0.27884988889805357,0.2799360153115424,1512.2142857142858,594.0714285714286,1629.5714285714287,901.4285714285714,2709.5714285714284,2820.1428571428573,1429.4285714285713,786.9285714285714,2373.285714285714,1778.857142857143,2956.1428571428573,1014.8571428571429,1931.2857142857142,979.0,2204.9285714285716,1488.9285714285713,2382.6428571428573,812.3571428571429,1902.5714285714287,717.8571428571429,3374.8571428571427,4442.285714285715,4056.285714285714,3177.6428571428573,84,40,38,29,71,74,83,51,139,99,80,30,62,32,135,83,145,45,56,20,97,122,238,188,0.10366310806112346,0.11219468068210606,0.15076413299172553
31,1685.1716597430989,1716.8447682631888,1692.098773412105,67,167,168,181,0.09724051870119647,0.046595735627270235,0.07242895834869845,0.298018547927887,0.26936763980477885,0.2794251025997674,1124.2857142857142,651.2857142857143,1393.7142857142858,713.7142857142857,5910.0,5278.142857142857,2414.785714285714,1794.2857142857142,4662.0,4125.428571428572,2255.5714285714284,1928.857142857143,7650.285714285715,7443.428571428572,3724.4285714285716,3884.785714285714,2050.285714285714,1538.0714285714287,1914.2857142857142,1572.2857142857142,6136.571428571428,9066.142857142857,4531.071428571428,4230.0,106,63,60,30,196,194,214,143,368,326,110,83,288,280,308,314,189,138,79,69,254,324,362,346,0.07550079674802025,0.11148742567379871,0.11857632191800016
32,1156.7268591525187,1211.002448131043,1167.7388381776605,142,165,161,157,0.03780598124411114,0.08040177876308924,0.0620552424893577,0.30396274302994186,0.24196358649118177,0.2425332190645684,1870.0714285714287,1076.357142857143,2544.285714285714,1696.857142857143,7219.714285714285,3874.5714285714284,2912.714285714286,1077.2857142857142,4546.571428571428,4184.642857142857,1425.0,2094.0,7491.0,6442.142857142857,2544.4285714285716,2871.1428571428573,2871.214285714286,2349.8571428571427,3069.0,1977.5714285714287,10061.714285714286,6649.142857142857,5037.0,4367.928571428572,111,67,81,54,186,107,193,61,289,270,47,55,222,188,146,164,168,129,99,59,281,178,314,258,0.15701811455582868,0.13628680099762408,0.12613331869846342
33,2225.025717848778,2252.2798815054657,2246.741263864579,315,347,267,56,0.06822844977280021,0.047679106334755625,0.06871260911971636,0.2822437415457822,0.27863230052024746,0.3562200266860604,1965.7142857142858,1305.0714285714287,1714.857142857143,1039.857142857143,9490.857142857143,8103.714285714285,2993.8571428571427,1594.7857142857142,4180.142857142857,3753.9285714285716,1648.857142857143,1423.5714285714287,5919.714285714285,7492.428571428572,2892.1428571428573,3314.5714285714284,1610.857142857143,1204.9285714285713,1637.857142857143,1260.4285714285713,6206.142857142857,5528.285714285715,3499.0,3450.1428571428573,143,90,57,39,306,244,201,113,293,265,59,54,186,253,203,218,110,90,57,50,207,189,243,245,0.3407852357598717,0.3071103708449696,0.3409072884451514
34,1103.7291047387293,1078.3937405359168,1092.5425301713835,176,216,170,85,0.08618683472781115,0.07133559115838162,0.11077629452167179,0.3128674035770681,0.26086830786094406,0.30423022928167437,1699.642857142857,876.0714285714286,1616.5714285714287,984.5714285714286,8220.142857142857,6907.0,2304.0714285714284,1201.5714285714287,3634.1428571428573,3401.6428571428573,2779.8571428571427,2319.714285714286,6839.571428571428,7143.428571428572,2920.214285714286,4651.071428571428,1716.857142857143,1778.5714285714287,1705.857142857143,786.5714285714286,5399.285714285715,8032.714285714285,3210.5714285714284,2828.285714285714,111,65,56,31,222,184,152,83,237,206,74,74,188,206,200,286,115,118,56,25,159,218,218,178,0.20851271391783638,0.17709276951786534,0.17512084276745868
35,2178.3554569355183,2132.7976292138596,2119.363722321866,69,90,95,18,0.12526004900791426,0.09401391931909375,0.056672701444860585,0.14484572327463335,0.13751044701193796,0.1575519298961925,1438.142857142857,766.5714285714286,1433.5714285714287,872.7142857142857,3299.5714285714284,1007.1428571428571,1554.2142857142858,1162.642857142857,926.1428571428571,1188.642857142857,899.4285714285714,1856.2857142857142,1679.142857142857,2137.0,1382.9285714285713,1685.5,1344.5714285714287,1575.5,1390.5714285714287,1768.2857142857142,1503.2857142857142,1208.4285714285713,1091.0,1375.4285714285713,97,51,56,28,106,34,113,74,64,83,28,62,53,69,86,119,85,108,43,63,56,41,77,94,0.12531635055671514,0.13429920382709457,0.1309761747010596
36,584.5515735086997,592.9002298897468,592.1739017312548,90,73,46,32,0.011410775885854011,0.025743018310831416,0.025510357732291097,0.014262929676675314,0.00933922282305188,0.010525506976123616,3667.3571428571427,3548.0714285714284,5867.142857142857,3698.4285714285716,504.7142857142857,1785.142857142857,2502.1428571428573,2216.0714285714284,1641.2142857142858,1776.7857142857142,5603.285714285715,6994.571428571428,1084.5714285714287,1591.2857142857142,2428.5,1836.642857142857,2252.785714285714,3096.4285714285716,3787.714285714286,5554.142857142857,1250.7142857142858,1235.142857142857,1767.2857142857142,836.7142857142857,184,186,140,106,15,52,130,132,88,94,137,165,29,42,122,101,117,137,107,135,32,32,96,48,0.09723251559618075,0.08652916183307365,0.0643847501199051
37,1616.9110333656556,1637.8146986238366,1660.0989400393485,94,120,146,101,0.09093788098593097,0.10069302004384387,0.0858863078079216,0.3009674490114824,0.2927980950014897,0.26989887049906486,1141.5714285714287,655.9285714285714,1594.2857142857142,503.0,3622.1428571428573,3244.5714285714284,1565.0,755.7142857142857,3118.785714285714,2284.214285714286,1630.4285714285713,1182.857142857143,3419.5714285714284,3036.285714285714,3173.785714285714,1845.5714285714287,1822.142857142857,1132.142857142857,1762.7142857142858,857.4285714285714,7414.0,5686.714285714285,4048.9285714285716,2672.3571428571427,89,49,53,19,89,85,101,54,190,128,55,38,112,89,198,112,93,77,52,25,208,143,230,156,0.16757156772283996,0.13216041481013763,0.16763904999941917
38,2949.488616549898,2921.803058674904,2968.791418230087,83,161,182,164,0.19438514917067998,0.11724383777949698,0.07950240911774233,0.2082372445747986,0.2525814648316602,0.20222317265097406,3007.5,939.5,2122.0,920.2857142857143,4168.428571428572,3178.714285714286,2678.8571428571427,1775.5,3379.1428571428573,3705.8571428571427,2375.1428571428573,1884.857142857143,5493.428571428572,7454.571428571428,4340.071428571428,4413.5,2021.4285714285713,1845.642857142857,3140.4285714285716,2145.8571428571427,5986.714285714285,9339.0,5637.214285714285,6064.5,134,45,51,25,88,64,119,90,180,184,58,46,120,187,211,214,92,87,70,55,128,216,269,294,0.1282458358663522,0.11260533718203572,0.14028930055680727
39,1758.348705265053,1777.2849674339143,1803.7314495195335,78,160,114,113,0.13488694764024986,0.10942490375796374,0.08019700966805371,0.3068517391955067,0.2958712285244722,0.3393766335210131,1003.8571428571429,829.7857142857143,763.4285714285714,1184.7142857142858,2590.714285714286,2999.8571428571427,1644.0,1330.142857142857,2161.785714285714,3408.9285714285716,1617.857142857143,1468.7142857142858,3286.0,7001.714285714285,2647.714285714286,3252.1428571428573,1656.4285714285713,1149.7857142857142,665.5714285714286,634.7142857142857,4159.714285714285,4746.714285714285,1717.357142857143,2299.4285714285716,86,59,29,41,79,91,111,98,159,234,49,52,120,243,187,216,116,89,25,23,123,158,125,162,0.12690648231034907,0.13677044450647763,0.11093601783912686
40,1076.5391399252142,1129.0598009378725,1121.303258391,67,108,93,82,0.04810635505719325,0.038528449810481764,0.024377697366917563,0.26145077359377034,0.233281189733306,0.2348165805015679,892.1428571428571,973.2857142857143,1109.7142857142858,834.0,3212.5714285714284,2219.0,1444.642857142857,1100.0,3150.8571428571427,2802.3571428571427,1465.142857142857,2347.0,4044.714285714286,2867.285714285714,2433.6428571428573,2921.214285714286,1964.0,1682.5714285714287,1056.7142857142858,1282.7142857142858,3035.0,4263.0,2622.785714285714,3466.4285714285716,73,70,43,28,102,71,105,80,218,195,48,76,120,95,164,198,135,108,38,48,92,143,178,232,0.10037763278828862,0.09250528165781936,0.09936996954299072
41,2102.152378603478,2105.472952341671,2047.056003833115,187,248,245,155,0.12522397174367997,0.18042024177343446,0.1752763062366243,0.3111077634163661,0.31115133213051216,0.29919369211022223,2644.1428571428573,1888.0,1455.857142857143,1945.4285714285713,5355.428571428572,4966.428571428572,3592.6428571428573,2010.2142857142858,4943.071428571428,2889.0714285714284,3733.8571428571427,1815.4285714285713,3476.0,2116.714285714286,2858.3571428571427,3835.0,4752.285714285715,1958.5,4129.428571428572,1476.142857142857,3775.4285714285716,4413.0,3924.0714285714284,3197.8571428571427,181,132,55,79,161,154,227,143,320,185,118,63,101,66,184,237,297,139,131,42,128,134,257,199,0.21174885806839938,0.25058787927559123,0.24138534931210592
42,1193.3422629979086,1216.5463842152362,1180.5395792347529,165,284,231,69,0.13723847228187747,0.06863847497033222,0.0963628664326663,0.27707807789667044,0.2431020048650338,0.22022454676033593,1627.357142857143,1416.0,1723.0,1515.2857142857142,5574.428571428572,3589.0,2129.285714285714,1902.857142857143,4458.142857142857,3765.9285714285716,3942.5714285714284,4141.142857142857,3482.714285714286,6478.285714285715,2753.1428571428573,3504.0,3332.6428571428573,1296.9285714285713,3075.4285714285716,1279.0,9815.142857142857,4247.714285714285,7046.928571428572,4442.214285714285,120,100,59,56,174,108,148,131,290,253,123,143,115,213,199,247,209,88,110,49,320,136,476,284,0.19723667276243625,0.25114117537683234,0.1705432923388668
43,1312.2248021385644,1313.9705716445699,1218.7476365739628,62,99,76,64,0.014902577528078595,0.010427524789879067,0.009115240874765049,0.18540315566704768,0.21035078371296312,0.17191830169751285,581.2857142857143,1192.0,704.1428571428571,902.2857142857143,2203.5714285714284,3610.714285714286,1466.7857142857142,1443.7142857142858,2586.0714285714284,3918.5714285714284,834.4285714285714,1156.142857142857,4524.857142857143,3775.0,2136.6428571428573,2526.9285714285716,1303.642857142857,1202.0714285714287,1090.5714285714287,478.57142857142856,4308.0,3345.5714285714284,2655.0714285714284,1497.642857142857,48,95,28,39,76,123,113,110,191,282,32,40,161,143,162,182,99,86,46,18,154,125,194,111,0.15594258341618106,0.12730607401628163,0.12646190333737564
44,934.9096897233014,950.4541775099879,963.9450473419635,174,288,216,174,0.046799156120220425,0.02615196277728693,0.022468714356606447,0.2602902024917952,0.3950037750362464,0.301772623082065,1971.5,1550.5714285714287,2092.5714285714284,1103.5714285714287,6984.142857142857,4096.571428571428,4711.142857142857,1733.142857142857,3238.785714285714,4231.0,3650.4285714285716,2461.714285714286,6036.285714285715,7993.142857142857,4215.0,4705.428571428572,3172.214285714286,1629.7142857142858,2378.5714285714284,1091.4285714285713,6702.0,7575.714285714285,3942.8571428571427,5228.928571428572,140,122,81,40,231,139,335,135,230,304,138,91,209,294,313,334,215,122,95,44,247,272,270,358,0.19004068157759466,0.3368862226532467,0.22185236336748002
45,1745.1193207138133,1730.1736410170681,1533.8556987279521,135,104,151,14,0.13771784051410446,0.09057319856278047,0.1614383777571166,0.3817033935802554,0.29355881146470447,0.5405824688376797,2766.1428571428573,1702.0,1250.857142857143,2818.714285714286,1829.142857142857,1590.142857142857,2233.0,1927.642857142857,2195.5714285714284,1996.142857142857,2731.1428571428573,1179.7142857142858,1896.5714285714287,1689.7142857142858,1929.357142857143,1149.9285714285713,3111.5,1970.857142857143,2077.1428571428573,2948.714285714286,1534.4285714285713,1782.857142857143,3207.785714285714,1818.4285714285713,171,122,48,86,55,52,153,129,152,129,91,39,67,52,134,78,209,134,75,97,56,64,225,123,0.19223794597834937,0.11920844175414676,0.23814692015908842
46,1898.0240278716306,1881.9508412872108,1911.6130094302682,101,224,237,117,0.09560968773559968,0.04202264269749891,0.06358462922527179,0.31511097573762364,0.3442462770561762,0.26337414530619874,1498.642857142857,1215.5,1901.5714285714287,874.8571428571429,7281.428571428572,3572.4285714285716,2692.1428571428573,1190.5,4567.571428571428,4463.785714285715,4286.285714285715,3331.285714285714,7392.571428571428,4976.857142857143,3329.214285714286,4316.857142857143,4056.4285714285716,3112.0,4038.714285714286,1630.142857142857,5182.285714285715,7099.428571428572,5019.5,4688.857142857143,122,87,69,39,247,118,176,87,310,313,148,118,234,175,238,307,313,208,151,54,185,254,370,333,0.1383682021707657,0.23982348953477087,0.1847665169983989
47,1406.0913583615263,1365.8297157938134,1202.1680645743145,8,12,11,27,0.1784530570043179,0.10215354721997573,0.1113393485938284,0.08548807921749305,0.18396690416732664,0.014584163286559216,401.42857142857144,148.07142857142858,589.2857142857143,130.57142857142858,355.85714285714283,43.714285714285715,443.2857142857143,195.42857142857142,209.57142857142858,361.7142857142857,526.8571428571429,673.7142857142857,252.71428571428572,447.7142857142857,333.0,202.28571428571428,343.35714285714283,516.5,324.0,731.2857142857143,190.71428571428572,155.28571428571428,214.14285714285714,234.64285714285714,32,11,23,5,14,3,21,11,15,25,18,22,10,17,27,15,21,27,7,19,8,7,13,22,0.0481216319828275,0.063895885673167,0.07720201932249825
48,1053.4192572395764,1040.0962873342435,1034.7744689979606,208,200,216,92,0.09730567422153943,0.11086028738618267,0.11521157245599163,0.34347729907102287,0.3212726493132577,0.3161923758743068,2869.5714285714284,1768.9285714285713,1732.857142857143,1410.0,7916.714285714285,5865.285714285715,3322.785714285714,3010.785714285714,4651.0,3145.6428571428573,1760.0,1653.0,4065.0,5165.285714285715,4137.714285714285,2763.714285714286,1581.4285714285713,2269.1428571428573,1227.4285714285713,1253.5714285714287,6115.571428571428,4984.142857142857,4459.357142857143,3878.6428571428573,160,103,51,44,173,143,179,151,232,152,46,46,104,126,213,145,80,113,36,37,149,128,238,199,0.18141514129054992,0.16379219069076315,0.21380936533863318
49,1549.1133559984532,1528.7618981508942,1325.8118702084037,83,150,112,132,0.12359633870985927,0.09194990326401142,0.06862099101764417,0.2868685174093648,0.3429319335665676,0.3221528187259378,551.8571428571429,426.92857142857144,563.4285714285714,529.0,3235.285714285714,2984.285714285714,1233.642857142857,913.8571428571429,3102.8571428571427,3890.9285714285716,721.8571428571429,942.5714285714286,3770.285714285714,5495.714285714285,1561.9285714285713,2361.9285714285716,1750.2857142857142,726.7142857142857,1276.142857142857,481.7142857142857,5279.857142857143,4199.0,3092.714285714286,3011.214285714286,39,29,21,18,90,69,77,55,174,225,23,31,111,146,95,143,98,42,40,15,150,119,191,181,0.16757046199575817,0.18988759536864752,0.14296571661847812
50,1081.861282629092,1118.185489701495,933.9277299133926,141,156,144,130,0.09258717723704199,0.06461768667121967,0.04855173046078251,0.3450779878757655,0.3326770834100619,0.3211291711902837,3332.1428571428573,2799.714285714286,2985.285714285714,4001.0,3631.0,2783.8571428571427,2116.6428571428573,3169.6428571428573,3247.285714285714,3352.4285714285716,3754.285714285714,1330.0,1873.2857142857142,3125.285714285714,2180.214285714286,3193.0,3401.214285714286,3111.785714285714,4736.285714285715,2195.4285714285716,2485.1428571428573,1859.4285714285713,3084.5714285714284,2473.3571428571427,221,176,106,127,117,88,145,207,198,207,85,48,64,94,142,215,215,181,150,70,93,62,203,156,0.16144133347871636,0.18270787937196892,0.15630685207254089
51,1258.358423612533,1285.3627809580737,1319.4633210249528,155,248,254,44,0.1672024935073632,0.17488399267698995,0.12998780359644999,0.3217817741097853,0.2886995861136141,0.32433977651400236,1748.7857142857142,1459.0,1685.7142857142858,1323.4285714285713,7426.714285714285,6582.714285714285,2122.8571428571427,2602.214285714286,3516.5714285714284,4518.5,2618.1428571428573,3037.0,3922.5714285714284,7626.285714285715,5067.928571428572,3586.1428571428573,4116.071428571428,2596.8571428571427,2347.8571428571427,1204.857142857143,5098.0,7299.857142857143,3937.0,4899.642857142857,131,107,72,51,220,230,152,184,230,326,93,111,150,249,351,264,298,185,89,50,168,236,262,326,0.1411076013461609,0.16859957932505135,0.19994006148641885
52,1649.7033901626571,1655.6218330701956,1629.1464455358644,195,307,250,146,0.11110623691769245,0.022286734688716826,0.054516507325339386,0.4342497921627249,0.35416423338481773,0.3377390952784371,1744.5,1238.857142857143,1727.7142857142858,1312.5714285714287,5859.714285714285,4850.857142857143,2456.5,984.7142857142857,2732.4285714285716,3361.714285714286,3656.4285714285716,1215.4285714285713,5484.142857142857,5053.0,4037.285714285714,3531.9285714285716,1816.5714285714287,1262.2142857142858,1530.2857142857142,1544.857142857143,6340.285714285715,7075.0,4463.285714285715,4743.357142857143,114,78,65,46,194,139,177,66,187,219,119,37,180,164,272,236,124,89,54,45,203,220,276,306,0.24998807157222502,0.22822734412208764,0.21493316351003527
53,990.0323591153012,994.1054435643721,994.886387459024,28,33,36,10,0.16219920799531742,0.09838733229924071,0.18726285558813358,0.31406568509941574,0.30803542904346404,0.3219385715197229,324.42857142857144,500.64285714285717,941.0,399.42857142857144,570.2857142857143,1140.2857142857142,891.0,442.92857142857144,535.6428571428571,1048.5,384.42857142857144,1178.857142857143,413.57142857142856,535.0,627.5,549.2857142857143,747.5,406.85714285714283,956.5714285714286,858.8571428571429,634.4285714285714,974.0,778.4285714285714,667.0714285714286,20,33,19,7,13,21,40,30,22,49,9,26,11,13,28,29,45,23,26,24,17,20,37,38,0.09592720986542937,0.1141384365420426,0.12305083052555048
54,1214.9037273565807,1225.9717884603506,1187.9370230086283,106,139,102,86,0.10891249329680378,0.1695570459898925,0.12366141341849561,0.26304889294585,0.26304286363413487,0.2809661391792598,1136.0714285714287,1584.2857142857142,1125.142857142857,1303.5714285714287,1258.7142857142858,2361.4285714285716,1189.9285714285713,1349.5,2066.8571428571427,2306.785714285714,1924.857142857143,2682.4285714285716,2327.714285714286,2169.285714285714,1559.857142857143,1559.2142857142858,1900.0,2091.9285714285716,1679.142857142857,1512.0,1159.4285714285713,1666.5714285714287,1632.7857142857142,2265.0714285714284,84,107,41,47,41,75,87,99,142,158,76,98,87,73,124,117,132,154,61,67,47,67,122,158,0.15994575000292605,0.18187902265416805,0.13246932479874135
55,1513.034074211671,1396.1764950749123,1422.0496700023664,85,86,114,50,0.2139217025523339,0.20252491821393523,0.1311413286391105,0.30841882820662825,0.24699135701536978,0.2492321344516558,1085.5,2059.1428571428573,2835.8571428571427,1468.4285714285713,1884.0,3137.714285714286,1556.9285714285713,1282.357142857143,3830.285714285714,2988.1428571428573,2958.285714285714,2861.8571428571427,4450.714285714285,2492.285714285714,2989.0714285714284,2469.1428571428573,1942.0714285714287,1081.7142857142858,1291.142857142857,1777.142857142857,2483.714285714286,5509.285714285715,2669.785714285714,4047.285714285714,64,130,88,44,49,85,86,81,214,181,71,92,128,74,170,150,110,66,35,52,71,171,176,233,0.09126215082561687,0.07298623412393113,0.10374169180869061
56,863.5996860971906,920.1514109979028,911.8440817520635,69,85,86,173,0.2444916307511366,0.2175588286723843,0.19098229485681276,0.33725402710380914,0.34205244147751357,0.3399591437198223,1222.4285714285713,1233.5714285714287,1236.4285714285713,986.4285714285714,1329.4285714285713,3128.8571428571427,2194.285714285714,2002.4285714285713,1949.0,1283.0714285714287,2012.2857142857142,1065.0,1747.5714285714287,1443.142857142857,2510.1428571428573,1921.9285714285713,2233.214285714286,793.5714285714286,2263.714285714286,1019.4285714285714,3273.1428571428573,2480.714285714286,1984.2142857142858,1495.2142857142858,61,63,28,26,32,82,107,90,94,66,45,33,42,38,122,91,117,41,56,25,83,58,97,79,0.08598110405865511,0.09548606854628132,0.09942117394983019
57,2258.7755498432175,1954.8283523453033,2086.1279559294453,158,155,155,102,0.08431637786485503,0.06077395253525105,0.09560145375875433,0.2538687103615675,0.14435004353226696,0.20678633012001496,1926.9285714285713,1023.4285714285714,1785.0,572.5714285714286,7220.0,3315.0,4016.9285714285716,1500.4285714285713,1434.5,2264.4285714285716,1732.142857142857,1581.4285714285713,3584.8571428571427,5687.285714285715,2040.5,2914.8571428571427,1464.7857142857142,684.0,1403.5714285714287,779.2857142857143,6361.571428571428,5081.285714285715,2629.1428571428573,5711.285714285715,116,67,57,22,205,92,216,88,94,139,56,51,103,166,122,173,91,46,44,27,181,148,158,333,0.1784927876982568,0.11356741305143,0.11539415743304406
58,946.9209484534504,874.7382652700014,965.2067149845251,101,122,109,126,0.017674075827443507,0.022237653832085758,0.024378339624192842,0.23681643919943546,0.24628585164269512,0.23133107730163122,805.6428571428571,1102.357142857143,1257.7142857142858,1084.142857142857,4211.0,4049.4285714285716,2132.285714285714,2663.5714285714284,2299.3571428571427,3979.785714285714,2103.8571428571427,1878.4285714285713,3921.5714285714284,4980.428571428572,2897.1428571428573,2713.8571428571427,1660.357142857143,2114.214285714286,1328.142857142857,1378.4285714285713,3893.714285714286,4481.857142857143,3187.214285714286,2406.9285714285716,53,76,41,36,123,121,132,155,138,251,60,57,117,154,175,167,111,139,46,42,123,136,187,156,0.16672099174108473,0.12153900938600763,0.13923910181497692
59,1286.637293266893,1320.315292453232,1221.775009691725,79,61,55,20,0.05233732633712351,0.06948645872313595,0.08103813632737818,0.09039042009087253,0.18033789510468792,0.16160805474067763,1880.9285714285713,845.3571428571429,1789.4285714285713,1674.857142857143,1759.2857142857142,421.7142857142857,1959.2857142857142,754.3571428571429,527.0714285714286,636.7857142857143,3694.4285714285716,3144.285714285714,668.0,449.42857142857144,478.7857142857143,1112.7857142857142,955.1428571428571,1156.0714285714287,2272.285714285714,1411.857142857143,1748.2857142857142,343.7142857142857,969.0,295.92857142857144,109,52,51,52,28,17,112,51,36,40,100,90,21,15,28,56,54,73,67,42,47,11,56,17,0.12571907019681214,0.10992696859647018,0.1002022773320249
60,2480.244170425042,2673.2439284694906,2599.072525713219,55,56,74,83,0.3670295372821903,0.1595575804113523,0.28033166733175124,0.3170966085802825,0.2337077144664526,0.3305558194742344,1387.357142857143,1122.2857142857142,1181.5714285714287,874.0,2090.1428571428573,1522.857142857143,1468.0714285714287,901.2857142857143,1141.7857142857142,2248.5,541.5714285714286,2296.8571428571427,3560.4285714285716,2437.285714285714,1433.9285714285713,1473.2857142857142,954.5714285714286,2061.0714285714284,995.5714285714286,1526.2857142857142,2578.285714285714,1526.0,1882.2142857142858,1999.7142857142858,84,69,33,35,61,45,87,54,69,138,17,61,103,73,92,92,64,129,37,41,86,45,118,118,0.06448556115818845,0.04896764710769722,0.07598984355729527
61,1513.4656271783788,1573.7937972779216,1443.357472984088,124,154,100,16,0.11373958625400273,0.05392822809743905,0.09288022818451873,0.2973201980429806,0.3536964054215733,0.2524547831221208,1329.2857142857142,1197.2857142857142,804.8571428571429,1283.142857142857,3760.285714285714,2981.0,1561.0714285714287,2118.6428571428573,2409.4285714285716,1924.5714285714287,1843.7142857142858,832.1428571428571,2646.714285714286,3135.1428571428573,2128.285714285714,2285.1428571428573,1777.5,740.2857142857143,1181.142857142857,227.28571428571428,2510.285714285714,3124.5714285714284,1818.9285714285713,2992.4285714285716,82,70,27,39,92,75,96,113,138,115,48,27,77,89,134,131,105,50,36,8,74,91,105,156,0.1458697518331972,0.2209526465800839,0.10545224481087073
62,1145.4627809047645,1150.5918962581634,1180.108632427135,94,193,183,180,0.2006815436593079,0.09258919151814274,0.08973674068987753,0.2980965988323259,0.2623200443677494,0.2393473385108183,611.4285714285714,330.7857142857143,570.4285714285714,274.14285714285717,3181.0,3123.285714285714,2043.4285714285713,753.9285714285714,2846.3571428571427,3166.285714285714,3622.714285714286,2537.0,3485.714285714286,5478.0,4030.9285714285716,3708.5,1544.857142857143,2277.1428571428573,1296.857142857143,936.2857142857143,4144.714285714285,9851.857142857143,3913.9285714285716,4475.928571428572,48,25,20,12,102,92,127,51,198,209,114,79,109,182,275,248,102,151,43,34,133,337,245,285,0.1848856240159848,0.1639468422342041,0.17712727097082995
63,1188.0112783834827,1162.8511665936367,1171.8173340933306,76,167,154,171,0.19401771322796066,0.10426433003253988,0.13218965745510558,0.24421386719311908,0.276319088352369,0.26941706317501657,1224.857142857143,962.6428571428571,845.8571428571429,1104.4285714285713,3458.285714285714,4578.0,1499.2142857142858,2060.785714285714,4837.571428571428,3155.6428571428573,3388.0,2419.285714285714,4672.571428571428,3186.285714285714,3350.214285714286,2486.3571428571427,1674.5,1679.2142857142858,1207.7142857142858,864.7142857142857,6134.857142857143,6684.857142857143,5531.0,3405.5714285714284,91,78,33,43,110,151,108,144,347,234,120,84,160,114,232,184,123,133,44,37,212,215,387,243,0.12605014707920165,0.16848232764796425,0.1434565889016332
64,561.9929695267105,583.8152141449324,460.4550252594687,53,37,35,52,0.06744428364569517,0.12248465801244865,0.12386967373682455,0.12145266978328041,0.08341763504559038,0.09903636707946299,1825.5714285714287,1181.7857142857142,1946.857142857143,926.2857142857143,2436.714285714286,763.2857142857143,2702.785714285714,865.5,1443.7142857142858,1019.1428571428571,2105.285714285714,774.2857142857143,1755.4285714285713,1511.7142857142858,1889.642857142857,947.8571428571429,1787.2142857142858,1074.0,1415.4285714285713,1164.142857142857,2231.285714285714,1141.0,1535.9285714285713,1239.7142857142858,104,77,60,28,67,21,147,52,84,71,57,24,57,41,109,61,105,72,39,39,68,30,100,71,0.07586050579842624,0.04558004130084684,0.041394757965788176
65,1748.1727535038772,1721.4708937887792,1717.0236809331761,112,183,203,135,0.1213755318453334,0.08129914746782511,0.08737155988166065,0.3481727084895828,0.3456328971019921,0.30129308652772974,1421.4285714285713,1682.857142857143,1044.142857142857,831.8571428571429,3686.714285714286,2974.0,1268.2857142857142,1218.857142857143,4054.714285714286,4088.1428571428573,4504.0,1971.0,2723.1428571428573,5477.714285714285,2865.6428571428573,3573.3571428571427,2838.8571428571427,1371.7857142857142,2554.1428571428573,881.2857142857143,2422.285714285714,7688.0,4342.357142857143,4138.785714285715,110,112,42,33,116,97,96,78,264,277,144,68,96,171,193,215,167,96,86,30,83,231,281,261,0.164080381009986,0.14682177383858994,0.1816010183171093
66,1231.7020579016503,1115.9650690758801,1233.4269342235195,26,49,52,72,0.13878913946899843,0.1517949126833318,0.21449439399590955,0.22769766798256072,0.22609212372190848,0.4854592322598992,347.64285714285717,535.0714285714286,708.4285714285714,401.14285714285717,1241.142857142857,1250.857142857143,441.07142857142856,375.35714285714283,1608.0714285714287,1304.2142857142858,1405.0,1327.4285714285713,1304.0,1087.4285714285713,1229.5714285714287,1111.142857142857,1161.4285714285713,914.7857142857143,393.0,834.7142857142857,956.5714285714286,1716.5714285714287,759.2142857142857,2045.7142857142858,24,29,23,15,31,36,30,25,85,79,41,40,39,35,74,56,67,56,12,28,26,48,42,104,0.05075913443606025,0.0738690719278114,0.10975790917022364
67,1251.3762161094153,1167.0370549528814,1205.5247408054129,23,44,35,61,0.2349044343688606,0.2213185833868913,0.29576229089569195,0.3573771126863541,0.3343425600711334,0.3251666289543214,532.3571428571429,732.6428571428571,1056.7142857142858,505.85714285714283,887.8571428571429,949.2857142857143,759.1428571428571,637.1428571428571,1137.2142857142858,996.6428571428571,575.8571428571429,552.7142857142857,1133.4285714285713,798.2857142857143,1108.7142857142858,885.7857142857143,492.92857142857144,1088.7142857142858,336.42857142857144,861.2857142857143,1344.0,660.2857142857143,655.9285714285714,1021.0714285714286,37,49,35,17,27,29,50,38,75,65,20,20,39,26,74,52,31,61,10,27,46,24,38,60,0.08731236753153401,0.12981427273242974,0.12800395921045157
68,2246.164908637585,2354.4650489965834,2364.245057566973,66,84,79,17,0.1773396305029081,0.17326145968574283,0.12274558109254068,0.3130372022589132,0.2792012412877395,0.277735958817684,559.2142857142857,842.8571428571429,688.2857142857143,411.85714285714283,1858.857142857143,1684.857142857143,538.3571428571429,586.7857142857143,1499.142857142857,1158.4285714285713,1211.4285714285713,681.7142857142857,1868.0,1941.857142857143,1280.857142857143,982.5714285714286,874.6428571428571,1067.7142857142858,559.8571428571429,633.1428571428571,2231.285714285714,1835.5714285714287,1873.142857142857,1699.5714285714287,44,62,23,17,67,51,37,53,100,82,36,28,71,75,83,78,69,78,26,26,77,63,134,118,0.10527352347246322,0.08029506672111487,0.08078327257081803
69,1550.404683061936,1715.078028809731,1664.527217891513,86,98,99,12,0.03398169920699188,0.02741500141788534,0.03612670340945873,0.02347550130062669,0.025507212096756274,0.09624419865627211,2005.7142857142858,2081.714285714286,3008.4285714285716,1440.5714285714287,2319.1428571428573,1218.142857142857,1291.7857142857142,849.2142857142857,1520.0714285714287,1313.7142857142858,1674.2857142857142,2144.285714285714,1429.0,1434.142857142857,2071.285714285714,1308.2142857142858,2230.214285714286,1620.2142857142858,2836.8571428571427,1392.0,1607.2857142857142,3649.5714285714284,2299.785714285714,1695.7142857142858,82,115,68,34,61,27,76,56,91,68,39,59,39,39,104,64,118,79,81,38,49,71,121,67,0.1574922468097274,0.33747897738384164,0.25524861815132843
70,1909.059990559795,1993.0280590737573,1976.9438100583131,86,203,234,170,0.15865830045126836,0.04801900980300261,0.06168309640735625,0.180914757638875,0.17995749192141514,0.2065911857243599,2055.214285714286,856.6428571428571,1780.7142857142858,985.2857142857143,5631.428571428572,2906.714285714286,2495.0714285714284,871.5714285714286,4556.571428571428,3951.0,3952.714285714286,3667.285714285714,4886.714285714285,6443.857142857143,5047.928571428572,4763.0,2135.0714285714284,1636.4285714285713,2552.1428571428573,1266.857142857143,7100.142857142857,6870.142857142857,8279.57142857143,7146.285714285715,117,52,57,27,145,69,153,51,294,245,110,99,152,185,287,311,137,83,72,44,209,186,452,392,0.14407642590396477,0.1632533744767967,0.18746713457310132
71,1831.677165803167,1807.4413744293354,1752.8017231014053,111,210,167,95,0.06966680803231332,0.030583859651351533,0.06928040821856829,0.29984857600199355,0.26731317644825076,0.30899877852206187,1595.5,1691.2857142857142,904.0,1180.0,3818.714285714286,4124.714285714285,1766.142857142857,2053.3571428571427,3779.3571428571427,3509.4285714285716,2916.5714285714284,2572.4285714285716,3118.5714285714284,5152.714285714285,3152.714285714286,3263.3571428571427,2097.714285714286,2444.0,1202.4285714285713,1569.857142857143,5483.857142857143,5106.714285714285,3728.9285714285716,2412.285714285714,105,109,30,44,124,128,119,139,251,228,100,82,109,174,212,221,138,161,42,53,174,169,245,161,0.12560121640441102,0.16597608349141568,0.15552098519371058
72,2430.7343613424223,2426.5166309740684,2455.018216513265,113,145,98,123,0.11755755582906899,0.08779169420351474,0.11371107864853094,0.4014144873828411,0.3374664074444636,0.3817028146808182,503.35714285714283,536.3571428571429,643.7142857142857,392.2857142857143,3191.8571428571427,5438.714285714285,708.5,932.0714285714286,1264.7142857142858,2516.214285714286,775.7142857142857,934.0,4658.571428571428,5883.714285714285,2455.0,1643.142857142857,713.0714285714286,822.3571428571429,407.57142857142856,447.42857142857144,3888.5714285714284,3000.285714285714,2073.0714285714284,2005.2857142857142,39,39,24,15,101,156,50,59,90,159,26,32,153,176,163,109,54,54,14,14,110,87,149,144,0.18982029391393213,0.17653546241813972,0.14796496896360564
73,1700.0269835305157,1653.6585078929786,1631.3440218822057,98,161,129,15,0.18727078270484776,0.10542836462451591,0.19304293888489896,0.38299758909368853,0.32589737398763285,0.337532909117264,681.4285714285714,487.7142857142857,1031.142857142857,662.7142857142857,2254.0,2133.0,940.8571428571429,1207.4285714285713,2879.5714285714284,2160.9285714285716,1255.7142857142858,1471.5714285714287,2904.0,3240.714285714286,1722.0,2302.285714285714,1917.857142857143,1058.142857142857,2141.8571428571427,558.2857142857143,2222.5714285714284,3249.4285714285716,1771.7857142857142,2908.0714285714284,55,37,40,24,79,67,72,93,209,153,51,49,104,124,130,169,135,76,79,21,92,130,129,217,0.1995882276086989,0.17636206249204697,0.1753403587855008
74,2022.8644675893472,2354.253124287803,2317.142250270431,63,152,122,166,0.09714955738691226,0.07427290604549928,0.12628399411564145,0.17759783246200267,0.16364746197821742,0.1807705940635478,479.07142857142856,481.92857142857144,767.0,378.7142857142857,2629.0,3347.4285714285716,1574.357142857143,1112.0714285714287,2772.0,2348.214285714286,786.5714285714286,1081.857142857143,3337.5714285714284,2448.4285714285716,1742.0,3576.1428571428573,2044.642857142857,1308.2142857142858,1466.142857142857,1155.5714285714287,2849.5714285714284,3171.1428571428573,3108.785714285714,2872.0,45,41,32,17,93,99,111,61,193,163,27,40,108,96,119,243,128,102,54,45,101,100,213,202,0.08678495427621055,0.1286110927194793,0.11209155006735874
75,975.877854264696,897.6149927648513,968.0525823188199,130,183,132,150,0.1175645583293381,0.053508585242071784,0.04528186183885312,0.42242857652044014,0.3264019673082762,0.26006581539344636,1288.642857142857,1867.7857142857142,1318.7142857142858,1547.142857142857,2227.714285714286,1344.142857142857,1011.2857142857143,1793.0714285714287,3125.5714285714284,2762.5714285714284,2311.8571428571427,920.5714285714286,4461.0,3544.714285714286,1859.4285714285713,2205.9285714285716,1129.357142857143,2030.5,1746.5714285714287,1622.5714285714287,2653.285714285714,3260.5714285714284,1706.7142857142858,1520.7857142857142,94,136,51,59,83,52,80,138,221,224,87,38,166,131,145,169,89,163,66,68,96,116,126,115,0.2907577920784939,0.18422077546937457,0.17107546760721862
76,2864.0152338938165,2773.337363969639,2888.336496667117,73,164,160,106,0.16747266390056864,0.10814528378190899,0.09073088162610256,0.17690761961858742,0.23162151685897003,0.23576519016675954,1779.7142857142858,916.8571428571429,1270.2857142857142,310.85714285714283,4034.285714285714,2769.285714285714,2383.285714285714,986.0714285714286,2524.5,3471.1428571428573,2081.5714285714284,2020.857142857143,5277.285714285715,3078.5714285714284,3476.1428571428573,2915.785714285714,1788.0714285714287,1287.5,1690.2857142857142,1410.142857142857,4740.428571428572,3884.285714285714,3149.785714285714,5537.0,120,62,42,12,121,79,156,62,171,222,71,66,156,96,236,185,128,94,66,45,152,132,203,340,0.12847449494784005,0.12388035496673913,0.1382118272195328
77,915.1987097121298,938.4157979127549,912.6439536670938,249,246,205,65,0.3368894989702083,0.1881683766996616,0.18451279857442182,1.5497180619333313,1.042637438474694,1.36918128024866,5300.357142857143,3779.9285714285716,6087.285714285715,3938.8571428571427,4177.142857142857,4656.714285714285,4494.928571428572,4380.142857142857,3835.8571428571427,2808.9285714285716,2344.714285714286,5495.571428571428,3458.1428571428573,4293.0,5150.928571428572,3501.0714285714284,2625.3571428571427,3894.9285714285716,2191.285714285714,3040.1428571428573,3923.4285714285716,1830.7142857142858,4116.714285714285,3793.6428571428573,340,256,194,134,140,146,285,285,246,177,75,175,121,139,339,218,177,248,70,88,129,57,259,249,1.0589195036933763,0.8480090255398226,0.7961507831563139
78,1469.0388243803156,1527.2077770877506,1500.408462141869,124,237,229,120,0.26269017133833406,0.18199373701734983,0.2130188973213162,0.31139076140268723,0.29007720720694224,0.33744872933717956,1954.2857142857142,1657.5714285714287,1511.142857142857,880.7142857142857,5065.0,3843.4285714285716,1573.4285714285713,1688.4285714285713,3592.4285714285716,2925.5714285714284,2521.0,2836.8571428571427,6193.714285714285,1974.5714285714287,3402.9285714285716,2730.714285714286,2143.285714285714,2709.9285714285716,1410.4285714285713,2422.285714285714,3564.714285714286,4699.714285714285,5635.285714285715,4234.071428571428,115,84,38,24,144,108,98,111,214,149,77,80,173,59,187,152,125,141,47,69,99,124,287,257,0.1717101187972305,0.21497144516934014,0.26178666677353984
79,1618.1233044958385,1618.9975338462027,1598.8576650377013,96,123,85,148,0.08663178035964114,0.052094302492418275,0.08510102028316391,0.3222438463052966,0.2508328821589312,0.2924401482270449,889.5,451.2857142857143,693.0,351.2857142857143,6189.714285714285,6261.142857142857,1083.142857142857,722.2857142857143,3177.1428571428573,3129.0,584.2857142857143,951.4285714285714,5122.714285714285,5180.142857142857,2984.8571428571427,2310.785714285714,1074.142857142857,647.1428571428571,744.7142857142857,375.14285714285717,6829.714285714285,6248.571428571428,2049.0714285714284,2363.8571428571427,61,36,22,14,190,170,77,51,199,198,21,39,146,164,188,165,74,46,27,15,201,189,135,156,0.15786513257897478,0.14714552901684305,0.12407737223741284
80,1204.5047758779415,1242.9208290688418,1200.5966537293473,48,122,91,133,0.19029088513515147,0.07935100874806954,0.10790843736059544,0.24236719100526502,0.25544972052685866,0.2500614031331116,895.2857142857143,1256.9285714285713,564.5714285714286,1146.0,2634.8571428571427,3418.5714285714284,1137.9285714285713,1277.357142857143,3376.785714285714,2813.1428571428573,2443.714285714286,1121.2857142857142,5227.714285714285,4867.0,2373.5,2543.9285714285716,1486.0714285714287,985.0714285714286,1273.7142857142858,1138.857142857143,4043.4285714285716,4256.428571428572,2596.6428571428573,2889.285714285714,68,103,23,45,85,127,91,104,253,219,100,50,204,173,193,192,124,81,48,44,147,158,196,217,0.10764200679379259,0.14360895205922602,0.12631747407721045
81,1806.8142396124745,1703.3301833904318,1862.865510709355,144,115,138,165,0.06610366863863684,0.019465256208548998,0.01828203465340717,0.35444119039321437,0.14515519629803683,0.1637625073867728,3680.714285714286,4593.285714285715,6103.285714285715,2751.1428571428573,5018.857142857143,3667.4285714285716,2848.5,3559.714285714286,1995.4285714285713,3230.1428571428573,1152.142857142857,4949.857142857143,664.4285714285714,6026.714285714285,1818.7857142857142,2982.4285714285716,2657.4285714285716,2348.714285714286,2113.714285714286,4133.142857142857,1972.142857142857,6227.285714285715,3497.9285714285716,3629.714285714286,237,274,180,88,175,121,205,232,141,211,39,146,25,183,107,208,161,160,75,126,66,198,226,227,0.224043314048149,0.08584868510002434,0.1050647891629613
82,1804.1590665195529,1764.272490861113,1772.8232138357355,148,181,142,90,0.1587122657436,0.1256403370498074,0.22514093874259275,0.4068319767801458,0.40154661971506656,0.40045573827573017,1070.5,1025.642857142857,1137.0,374.2857142857143,6042.142857142857,4776.571428571428,2240.9285714285716,863.1428571428571,3972.1428571428573,3407.5,2146.5714285714284,1202.142857142857,5329.428571428572,5683.0,2786.5714285714284,2721.5714285714284,1025.0,699.7857142857143,1190.857142857143,370.2857142857143,5926.428571428572,5555.428571428572,2176.4285714285716,2376.6428571428573,72,64,39,11,183,136,142,53,253,204,75,40,154,161,171,166,72,44,34,13,166,159,132,143,0.1747438315904599,0.17178891352738873,0.165962464058516
83,1406.4258032927598,1426.5301138858938,1426.6414124924888,111,115,148,104,0.09594517156120644,0.0874539962093873,0.06923774538418999,0.2544346217362083,0.2787633418536774,0.2724382660478604,1789.642857142857,707.2142857142857,1583.4285714285713,754.0,2556.5714285714284,5115.285714285715,3709.8571428571427,1107.0714285714287,2101.214285714286,1739.2857142857142,1153.5714285714287,2194.1428571428573,2573.0,4002.285714285714,2870.6428571428573,1918.5,1374.642857142857,1557.4285714285713,1423.0,1621.4285714285713,2929.8571428571427,5597.285714285715,3974.8571428571427,3473.785714285714,102,41,49,22,60,105,178,57,106,93,31,58,60,105,145,95,74,86,42,44,73,147,218,180,0.17673272557739653,0.17153106774593294,0.1758509458549581
84,1145.918611682011,1196.593604956566,1193.5863948124972,243,212,183,175,0.13703154007990373,0.1401558520130676,0.14635088888247813,0.3476470288206635,0.34056938521028285,0.314586683927442,2216.5714285714284,568.5714285714286,2517.1428571428573,663.1428571428571,6741.428571428572,7122.285714285715,3025.785714285714,708.7857142857143,3410.4285714285716,3885.285714285714,3321.714285714286,1910.5714285714287,3099.0,2921.1428571428573,2648.714285714286,2754.785714285714,2296.0714285714284,1087.0714285714287,1746.5714285714287,1000.0,2503.5714285714284,6244.428571428572,4384.571428571428,2041.4285714285713,181,48,107,25,273,262,253,59,287,308,138,76,128,108,227,224,180,93,76,40,95,227,354,173,0.1861217175275371,0.14372247436028196,0.13771191210146802
85,1220.1419722842772,1192.3461666913067,1198.8525817375264,54,72,66,112,0.17789063526484566,0.11653615648017983,0.13460378755008262,0.3124674601496723,0.2305622561991585,0.2598927946568826,665.2857142857143,547.4285714285714,395.2857142857143,557.5714285714286,4180.714285714285,5423.571428571428,929.4285714285714,638.7857142857143,2047.2142857142858,2502.5714285714284,1100.4285714285713,682.2857142857143,4800.428571428572,5251.857142857143,2580.0,2407.8571428571427,1473.5,789.0,960.0,244.0,4608.857142857143,5517.285714285715,2483.0,2068.3571428571427,48,37,20,21,132,167,68,53,148,168,42,23,149,163,168,162,105,58,33,10,144,183,173,149,0.08640361139715648,0.07895329261969594,0.07905047052290806
86,1383.9250589453784,1333.5161888604812,1367.0952115082691,91,100,108,89,0.04411522153538698,0.03311889047524233,0.06566300427403966,0.2964857170130611,0.2208982227640862,0.2686041501205426,704.4285714285714,742.3571428571429,914.1428571428571,650.0,2536.8571428571427,1565.4285714285713,1079.857142857143,869.9285714285714,2615.285714285714,3658.8571428571427,1499.5714285714287,984.8571428571429,5819.285714285715,6006.428571428572,2382.9285714285716,2341.214285714286,1354.9285714285713,1112.9285714285713,1365.0,935.8571428571429,4288.285714285715,4197.857142857143,2798.5714285714284,2736.5714285714284,58,66,41,26,88,56,91,77,199,264,57,39,201,219,182,179,110,87,52,42,153,158,200,207,0.19482117634282323,0.11911984489171072,0.14726927070640622
87,2105.5900229892895,2104.351353693077,2122.5269826549224,97,186,266,30,0.06901683808544223,0.06148995450920221,0.03079724413797708,0.16059860983497393,0.1796617201514499,0.18291647946748862,1365.0,427.85714285714283,890.1428571428571,288.85714285714283,6843.142857142857,2421.8571428571427,2283.0714285714284,559.5,3996.1428571428573,3854.5714285714284,2485.0,2139.0,6763.571428571428,5626.714285714285,3627.9285714285716,4528.571428571428,2263.4285714285716,1424.7142857142858,985.5714285714286,1123.2857142857142,8640.42857142857,7787.714285714285,6544.357142857143,7097.428571428572,91,35,33,13,218,68,145,39,271,257,76,65,214,186,241,301,148,99,34,36,268,253,430,478,0.17518797546155587,0.13792638309147887,0.18537443294491995
88,1484.6970553142223,1517.0498779821366,1501.9291684329899,129,155,141,98,0.06553454055716026,0.011813975008211132,0.020205377487276237,0.2939192688321229,0.3260223742616117,0.2843187306409442,4038.5,2729.5714285714284,2669.8571428571427,1473.7142857142858,4486.857142857143,4904.571428571428,4130.714285714285,2904.1428571428573,3625.5714285714284,3373.5714285714284,2018.2857142857142,3688.0,3548.4285714285716,5094.0,2863.5714285714284,3466.5,3343.785714285714,2800.6428571428573,3320.4285714285716,2676.285714285714,5605.857142857143,4665.714285714285,3154.6428571428573,6619.642857142857,154,112,60,32,74,86,157,110,139,130,41,77,68,95,114,142,137,99,63,49,96,89,124,221,0.13369954186828728,0.15266078585016468,0.1346070505885164
89,1661.622537523428,1671.851275019766,1685.2768426990444,158,161,188,152,0.14883891142067854,0.1398327153345253,0.13760118351438008,0.34035243594731196,0.40946564586606365,0.38318263840206557,1274.2142857142858,950.2857142857143,1284.5714285714287,1151.2857142857142,5827.0,7433.285714285715,2290.9285714285716,1528.5714285714287,2923.285714285714,4149.714285714285,1781.0,1519.7142857142858,6303.714285714285,7405.857142857143,2596.8571428571427,3376.3571428571427,2110.6428571428573,1194.5714285714287,1244.7142857142858,902.1428571428571,7391.428571428572,5286.571428571428,3255.1428571428573,3344.3571428571427,87,73,44,35,173,242,159,105,174,270,58,50,195,233,169,215,146,78,42,33,226,159,210,198,0.1653567998514046,0.1721445723264916,0.21395979108318408
90,766.0746193252978,773.0301054093803,760.2826346201762,54,79,59,168,0.09509492421384202,0.08336485984257512,0.06676366129682486,0.3039949342547757,0.2976249884338732,0.3411791789310627,1856.5714285714287,787.0,2037.142857142857,440.42857142857144,2661.5714285714284,2700.285714285714,1524.0,1306.142857142857,2251.0714285714284,1863.642857142857,2321.714285714286,1928.2857142857142,3005.1428571428573,2664.0,2137.5,2519.9285714285716,1258.9285714285713,943.2857142857143,1058.142857142857,946.0,3612.1428571428573,4668.428571428572,1998.4285714285713,2526.1428571428573,125,54,65,18,78,85,112,91,147,116,76,66,98,90,146,161,82,68,40,34,116,153,127,167,0.07451498835574005,0.09846341428046877,0.07350905117964893
91,2283.795783940618,2330.6153169521926,2260.4810751408727,85,134,162,110,0.048583216307642854,0.016646942573528792,0.018569482535880963,0.15384583036285707,0.1642169577759817,0.16648036148628653,1400.5,852.2857142857143,661.0,714.0,3656.1428571428573,2173.285714285714,1136.142857142857,1016.7142857142857,2837.5,2509.714285714286,1491.142857142857,914.4285714285714,2811.714285714286,1937.4285714285713,2807.214285714286,1719.9285714285713,1494.2142857142858,1091.642857142857,1054.5714285714287,525.1428571428571,5073.571428571428,5930.0,3950.9285714285716,2894.9285714285716,132,83,33,37,151,92,111,93,242,235,75,51,130,98,258,162,148,103,51,29,235,257,361,273,0.13021294652675924,0.10904288531323549,0.13839334640533268
92,1339.7916053376207,1352.7353787478285,1380.4703746247728,121,140,125,60,0.1408227569307865,0.14635707452785515,0.1319680164364168,0.2889945120485019,0.27325618193238843,0.2794367666399263,1612.2142857142858,771.4285714285714,1250.7142857142858,807.4285714285714,4081.4285714285716,3628.285714285714,2284.5,2019.357142857143,3040.785714285714,2935.3571428571427,1748.2857142857142,1382.0,5608.285714285715,5668.0,2963.6428571428573,2464.5714285714284,1279.2857142857142,3050.5714285714284,1067.0,2025.857142857143,4249.571428571428,4087.1428571428573,2428.4285714285716,4220.928571428572,122,53,43,31,136,113,147,130,189,193,44,46,181,191,207,165,92,212,35,74,139,146,152,276,0.13866034314960218,0.10918735810112876,0.11871043505002951
93,1728.7989570752095,1675.6295012035291,1710.8652356920452,251,322,327,100,0.05913318773204603,0.045096210039705965,0.06025774549996288,0.3343392323944495,0.31775481959310986,0.3305219978755692,1642.7142857142858,1333.9285714285713,1473.857142857143,1225.0,5785.857142857143,7606.571428571428,2091.9285714285716,2338.5,4152.285714285715,3322.5,1653.5714285714287,1821.4285714285713,4737.571428571428,8184.285714285715,4174.714285714285,4723.5,4133.357142857143,3308.714285714286,3336.4285714285716,1691.857142857143,7499.571428571428,6018.142857142857,4156.571428571428,6780.785714285715,117,92,52,40,186,230,135,164,282,223,52,60,154,265,278,305,261,226,110,60,227,195,262,436,0.2634906820653924,0.29773188782057985,0.25433085225540963
94,1416.9132481489235,1490.258774395524,1470.1003294708082,166,198,211,122,0.1078156258844074,0.04939212732912241,0.10584055527872938,0.27719552402165976,0.26054637924599083,0.25421313962203934,2576.8571428571427,1640.857142857143,2161.4285714285716,1128.5714285714287,3718.4285714285716,5623.0,1896.0,2326.285714285714,2518.4285714285716,4787.0,2461.285714285714,1957.4285714285713,4112.142857142857,5306.142857142857,3029.785714285714,4069.0714285714284,4982.642857142857,2329.4285714285716,3457.285714285714,1335.7142857142858,3774.4285714285716,5296.428571428572,3294.6428571428573,3895.714285714286,157,113,69,39,103,166,117,144,165,301,82,58,121,161,186,255,296,155,106,47,106,141,202,235,0.181437865177223,0.16566958396717382,0.1889993920482384
95,776.3942612344288,751.846070241483,753.5636455509988,157,242,191,51,0.1645204674043955,0.09322066208089498,0.1025233578542596,0.340974201895186,0.4206035136098146,0.3280939633173723,884.5,1750.4285714285713,1269.5714285714287,436.7142857142857,6544.714285714285,5257.571428571428,2990.5,844.2857142857143,4393.642857142857,4039.714285714286,3112.1428571428573,2017.5714285714287,5532.428571428572,6555.0,2849.285714285714,4507.071428571428,3181.8571428571427,2129.0714285714284,1934.5714285714287,1110.857142857143,4482.142857142857,6014.0,3209.1428571428573,4183.928571428572,72,125,44,17,226,178,211,62,290,289,112,67,180,218,201,317,235,146,70,40,152,207,223,292,0.15240567254242443,0.22852830568070612,0.1799349556195426
96,1222.3537428568482,1218.6748094609138,1218.5277951377498,112,152,145,94,0.17519390405705046,0.16968185525304472,0.10725695879713912,0.40564078583387253,0.3435391102747932,0.36764441182916674,2162.8571428571427,1320.9285714285713,1662.7142857142858,1339.857142857143,2114.1428571428573,4287.714285714285,1671.4285714285713,1280.642857142857,3833.4285714285716,4070.714285714286,4264.857142857143,2288.8571428571427,4833.142857142857,4551.428571428572,3548.6428571428573,3644.214285714286,2734.8571428571427,1137.5714285714287,1848.4285714285713,1174.2857142857142,4580.142857142857,6141.857142857143,3257.9285714285716,3315.6428571428573,128,92,49,42,66,118,104,80,227,239,130,67,137,137,219,218,174,72,58,42,128,175,204,173,0.11753050167349297,0.10652245129959358,0.11166503220644744
97,2291.1223969835896,2399.0147544679467,2366.2998418700154,56,85,42,9,0.13352781765968202,0.08496061268893984,0.1855418617629667,0.34584256650293554,0.3464173684026443,0.3401333277992044,650.5,1476.888888888889,913.1666666666666,2000.5555555555557,1455.6666666666667,1636.111111111111,744.5,948.6111111111111,833.3125,1339.0714285714287,1583.0,1711.857142857143,2060.875,1541.4285714285713,966.1875,1757.5714285714287,1061.5,931.2142857142857,551.875,1151.857142857143,1399.75,719.0,1274.0,695.3571428571429,35,102,19,75,38,49,32,74,61,77,50,51,71,52,67,108,76,49,22,35,48,18,86,46,0.09197940598482328,0.12646933695071777,0.0749058787900552
98,1878.6321781203417,1772.647617487103,1832.6466669257643,43,53,66,80,0.09798006695775065,0.09207414319880834,0.10520608037681495,0.09689222995703319,0.10655417690125733,0.11036427072170564,1093.7142857142858,570.9285714285714,940.1428571428571,589.7142857142857,1944.2857142857142,970.4285714285714,1396.9285714285713,1019.2857142857143,2299.8571428571427,1310.0714285714287,1142.4285714285713,720.1428571428571,2433.714285714286,1470.4285714285713,1461.142857142857,915.0714285714286,1724.5,515.9285714285714,452.42857142857144,236.14285714285714,1978.142857142857,2504.285714285714,2270.6428571428573,1710.7857142857142,97,53,30,20,73,34,110,80,187,103,46,30,83,60,109,68,136,41,16,11,75,96,178,121,0.04463453342638442,0.038646479314623644,0.051722966083680606
99,1129.7461819248483,1198.246546245817,1160.6840400404615,86,125,142,124,0.22111176797915255,0.09268523918921677,0.1703858431678734,0.35430448307637813,0.3432034424201945,0.29934922068279474,1688.2142857142858,1295.642857142857,1611.5714285714287,1231.0,6760.285714285715,6480.714285714285,1662.7857142857142,2103.3571428571427,3369.5714285714284,3383.1428571428573,1909.857142857143,2306.714285714286,4547.571428571428,5864.428571428572,5356.857142857143,2756.6428571428573,2686.8571428571427,2925.785714285714,1747.2857142857142,1101.142857142857,4495.714285714285,8160.571428571428,5142.428571428572,5036.357142857143,101,81,51,39,155,147,101,122,201,190,59,65,109,149,304,159,152,180,54,37,122,204,288,275,0.11591351445417324,0.13880355224339982,0.13057161522640717
100,1481.964845344523,1518.5448776112937,1517.3245154186793,64,131,107,178,0.14757489606426305,0.12312701336161395,0.11296198804748518,0.375953691152372,0.3214852539671645,0.3465481894908466,869.2857142857143,981.1428571428571,475.2857142857143,796.1428571428571,3048.8571428571427,2820.285714285714,1440.642857142857,1434.2142857142858,2677.0,2684.285714285714,1543.857142857143,1895.0,5167.285714285715,2889.5714285714284,3255.8571428571427,1875.857142857143,2195.785714285714,1061.0,2647.0,782.8571428571429,4480.428571428572,4452.0,3805.214285714286,2519.714285714286,56,60,15,26,84,84,82,87,167,160,47,58,143,81,190,121,139,72,83,25,130,136,240,150,0.10563464207709243,0.14322052503859342,0.11830564390733714
101,1475.252507050558,1562.2819607039178,1500.2819995034267,264,260,249,42,0.13788965675437814,0.117236478186902,0.12652189462313848,0.2538691269130776,0.263607408472465,0.2938568979550219,3014.8571428571427,1733.0,2769.714285714286,1110.4285714285713,9022.285714285714,7494.285714285715,3935.0714285714284,2380.285714285714,5086.5,4417.571428571428,1559.5714285714287,2861.4285714285716,1818.5714285714287,5956.142857142857,3216.285714285714,3596.3571428571427,2755.785714285714,2896.1428571428573,3045.714285714286,1617.857142857143,8089.0,4166.714285714285,2791.4285714285716,3261.3571428571427,216,127,97,40,288,221,302,180,316,308,54,98,59,204,212,249,191,199,107,57,272,145,188,225,0.22066490906264713,0.20342009629012994,0.19571805077570098
102,1996.9227877466324,1980.9386951880228,2032.0146282850226,217,198,222,149,0.05918795563366759,0.13467641690098914,0.07193987480524922,0.23517260752381247,0.21939335976628932,0.21507023910364387,2830.785714285714,2252.9285714285716,4953.571428571428,1844.857142857143,5602.142857142857,6229.714285714285,3920.714285714286,1878.2142857142858,3361.3571428571427,3186.0,2423.285714285714,5099.142857142857,4715.714285714285,2063.0,3537.6428571428573,3826.5,3161.785714285714,3022.714285714286,4601.571428571428,3224.5714285714284,5037.285714285715,3669.4285714285716,3569.1428571428573,3802.3571428571427,140,121,116,51,129,138,189,95,163,139,63,92,121,53,167,185,153,146,107,81,114,83,183,193,0.2774815039321163,0.22785745880419253,0.2475647906057157
103,1293.4290687522002,1294.1787553299914,1269.6884684447873,60,90,92,163,0.17961120188482538,0.10920098164325287,0.12082182236351457,0.3825299819094991,0.3377669553250001,0.3335879523913454,1740.5,1414.142857142857,1323.2857142857142,1391.857142857143,4138.0,3071.8571428571427,1946.857142857143,1551.2142857142858,3611.214285714286,2962.0714285714284,2427.4285714285716,1402.857142857143,6247.857142857143,2428.714285714286,4353.642857142857,3025.214285714286,1576.2142857142858,1840.642857142857,1325.857142857143,1819.142857142857,3584.714285714286,5220.857142857143,3112.4285714285716,2888.0714285714284,104,79,46,42,115,78,119,96,199,170,78,43,170,66,257,169,95,120,39,52,100,137,186,164,0.07148467455865161,0.07123196819589889,0.09004648021713131
104,1080.250615418827,1098.2993788244216,1045.2764339319797,80,133,111,38,0.030582213543866532,0.027513393830593993,0.016565187849077585,0.19331648075601227,0.23195481741069376,0.2095862393066607,2403.4285714285716,2700.5714285714284,3705.714285714286,3123.5714285714284,1575.4285714285713,1733.142857142857,2793.214285714286,2762.9285714285716,3136.8571428571427,3204.4285714285716,1869.0,1644.5714285714287,4756.285714285715,4086.285714285714,3721.0,2603.0714285714284,2101.5714285714284,2578.0714285714284,1965.0,1847.0,3942.714285714286,4221.0,4908.357142857143,3531.8571428571427,165,184,135,108,51,45,198,187,213,231,68,61,162,151,268,187,159,172,71,71,144,134,327,249,0.12379583481806014,0.15081735067670946,0.13965789543123283
105,793.5272508211089,802.4919556340644,806.749094010415,120,206,175,154,0.07085182933982338,0.043721829507570587,0.03562065102543345,0.31591177947507854,0.2781507418386322,0.2946131050680184,2291.214285714286,1466.7142857142858,2872.5714285714284,1589.142857142857,6416.0,4959.0,2217.6428571428573,2142.1428571428573,4078.4285714285716,4822.928571428572,3163.4285714285716,1553.4285714285713,6474.285714285715,10558.0,5033.642857142857,3351.1428571428573,2424.3571428571427,1671.642857142857,1337.0,1392.142857142857,8338.0,6881.0,3913.0714285714284,5394.928571428572,128,88,81,55,147,96,116,110,209,260,78,41,161,259,257,191,119,88,37,39,192,170,206,269,0.16686068847938934,0.17415013880195562,0.17841931219448318
106,1331.9208715480997,1585.2690350372643,1509.2450653602991,221,256,233,177,0.060487414207224886,0.03382284244030095,0.05920315327979276,0.23560450194408664,0.24506036917525253,0.23188457061253365,5411.642857142857,4739.142857142857,4785.428571428572,1331.142857142857,7311.857142857143,5466.714285714285,3473.3571428571427,5358.142857142857,4985.285714285715,4696.714285714285,5624.714285714285,4184.285714285715,5298.428571428572,4119.0,4085.285714285714,4346.928571428572,3746.5714285714284,3897.0714285714284,4202.857142857143,4700.857142857143,4156.428571428572,4830.142857142857,6930.071428571428,5238.428571428572,310,243,137,45,193,157,216,255,277,241,136,108,132,116,238,213,192,203,116,138,124,132,344,262,0.1915420338128199,0.22806921282015127,0.20703820844690163
107,726.6181323877967,737.8759428005482,687.1089960665807,188,219,173,62,0.007333089791506648,0.020772253712888267,0.040838854429370415,0.2494931338739928,0.24988001147131952,0.18714444529763277,3589.3571428571427,4288.285714285715,3671.714285714286,3392.714285714286,3031.714285714286,5393.285714285715,2230.714285714286,4829.571428571428,2502.3571428571427,2969.1428571428573,3354.5714285714284,2964.5714285714284,3535.714285714286,3372.4285714285716,3271.0,2560.714285714286,5206.0,4166.0,3421.1428571428573,6611.857142857143,4636.857142857143,4493.142857142857,3593.285714285714,5646.5,236,298,127,127,106,184,162,307,184,207,113,108,123,127,234,207,359,287,121,231,157,158,253,376,0.13981956194759126,0.16885503741964034,0.126506263720833
108,1930.5705766979224,1793.3364006067145,1955.0329065467208,67,53,62,22,0.17306292517071856,0.08185495528876724,0.08757065723998407,0.24380851959695796,0.19078061413225503,0.2214079324657678,2500.214285714286,1700.642857142857,1565.2857142857142,2287.4285714285716,1785.142857142857,2044.5714285714287,1690.5,2199.6428571428573,1986.0,1950.0,2311.5714285714284,3353.0,1417.142857142857,1226.2857142857142,2299.0,1978.2857142857142,2061.1428571428573,2697.4285714285716,1320.5714285714287,2567.1428571428573,2216.5714285714284,1897.4285714285713,1668.2857142857142,2085.0,173,115,57,76,59,63,115,157,135,130,75,99,44,39,150,132,149,182,50,83,68,58,120,134,0.06783089091941842,0.0471894253519336,0.06605407500217787
109,1490.7540738697642,1494.0865336961456,1397.7148548125042,352,380,341,68,0.05828358780260976,0.030727958314751315,0.056056200713352045,0.2031544862563349,0.20726739332845293,0.16837291541265226,2480.214285714286,3296.0714285714284,4131.428571428572,6644.571428571428,2642.285714285714,5013.714285714285,4358.785714285715,3242.4285714285716,4759.142857142857,5543.642857142857,7827.142857142857,5607.142857142857,2666.5714285714284,1815.857142857143,2405.785714285714,3267.9285714285716,3556.214285714286,4977.071428571428,5866.0,3759.1428571428573,5897.857142857143,2559.285714285714,3189.5714285714284,5303.428571428572,183,235,138,225,87,164,310,225,320,379,271,176,86,74,162,229,241,366,201,125,196,89,212,364,0.34422521655232613,0.2689412939541079,0.25614274248265434
110,1194.2421687960293,1246.4723210443642,1271.6440385849476,51,83,106,33,0.10523018634203944,0.18094266098102738,0.12879522517440914,0.23283011399568912,0.23373104403384126,0.21448213298552948,2199.6428571428573,1196.0,1543.857142857143,1354.857142857143,3064.0,2747.4285714285716,2267.0714285714284,1504.2857142857142,2357.714285714286,2260.9285714285716,1700.857142857143,2233.285714285714,2515.0,2577.0,2764.285714285714,3002.285714285714,2850.214285714286,1824.7857142857142,3316.8571428571427,3340.5714285714284,2865.714285714286,3343.0,3063.214285714286,2569.9285714285716,112,68,43,37,76,59,115,73,123,108,47,63,64,63,141,135,154,95,81,77,77,84,145,133,0.03973449452814579,0.059101570040515174,0.07987347516140138
111,817.0316769368329,799.6997361557645,781.4628777782397,110,105,97,24,0.2123343971653211,0.19333875211836274,0.2133527187221299,0.44140993056449346,0.4209438010982632,0.368410699931876,862.0,1469.9285714285713,985.5714285714286,1283.7142857142858,2682.1428571428573,2287.8571428571427,1112.2142857142858,1867.857142857143,1082.357142857143,1179.7142857142858,2323.5714285714284,1954.4285714285713,2207.8571428571427,2332.5714285714284,1440.9285714285713,2186.1428571428573,1759.357142857143,2280.9285714285716,1825.2857142857142,1774.2857142857142,2441.1428571428573,2566.4285714285716,856.0,951.0714285714286,44,89,28,40,75,54,57,115,57,66,59,58,57,61,78,130,91,116,45,53,57,60,47,55,0.14460345392411805,0.1382448770637617,0.130356160696695
112,1495.3915148202886,1481.5667430073554,1486.8080696780319,162,212,205,77,0.09393935577349545,0.0671731565615885,0.061969706035533666,0.3226907360061186,0.30265684218445915,0.3172704009524797,712.5714285714286,805.9285714285714,544.2857142857143,642.0,6281.714285714285,6366.285714285715,1483.142857142857,1029.5714285714287,2012.357142857143,3191.5714285714284,1376.2857142857142,1607.4285714285713,6426.857142857143,6985.714285714285,4499.428571428572,3607.5714285714284,2008.0714285714287,1266.2857142857142,1987.2857142857142,1549.7142857142858,7482.857142857143,6331.571428571428,2521.9285714285716,5154.714285714285,58,63,18,26,181,186,96,73,143,208,45,54,205,205,272,240,144,86,69,55,233,187,167,312,0.2196143392063823,0.1819526894316403,0.18386507659653514
113,2547.6505856828417,2391.8300451133687,2387.765366831641,103,105,170,144,0.10412474116683268,0.07495586858016463,0.04508566093976254,0.23375152944855074,0.185558372110156,0.20311016699229723,2502.4285714285716,973.8571428571429,1332.142857142857,1146.142857142857,2130.285714285714,1822.5714285714287,1775.0,1431.142857142857,2498.3571428571427,2915.0714285714284,4250.714285714285,2154.4285714285716,467.57142857142856,1019.7142857142857,1641.2142857142858,1579.5,2583.8571428571427,2207.285714285714,1577.857142857143,1844.5714285714287,3100.4285714285716,893.7142857142857,2857.5,3166.285714285714,168,72,52,43,73,59,131,102,179,200,135,70,15,42,126,109,178,165,56,71,111,33,206,226,0.17752844368972662,0.11632572941732369,0.1712904474089222
